-- MySQL Administrator dump 1.4
--
-- ------------------------------------------------------
-- Server version	5.7.34-log


/*!40101 SET @OLD_CHARACTER_SET_CLIENT=@@CHARACTER_SET_CLIENT */;
/*!40101 SET @OLD_CHARACTER_SET_RESULTS=@@CHARACTER_SET_RESULTS */;
/*!40101 SET @OLD_COLLATION_CONNECTION=@@COLLATION_CONNECTION */;
/*!40101 SET NAMES utf8 */;

/*!40014 SET @OLD_UNIQUE_CHECKS=@@UNIQUE_CHECKS, UNIQUE_CHECKS=0 */;
/*!40014 SET @OLD_FOREIGN_KEY_CHECKS=@@FOREIGN_KEY_CHECKS, FOREIGN_KEY_CHECKS=0 */;
/*!40101 SET @OLD_SQL_MODE=@@SQL_MODE, SQL_MODE='NO_AUTO_VALUE_ON_ZERO' */;


--
-- Create schema fms
--

CREATE DATABASE IF NOT EXISTS fms;
USE fms;

--
-- Definition of table `_log`
--

DROP TABLE IF EXISTS `_log`;
CREATE TABLE `_log` (
  `log_id` int(10) unsigned NOT NULL AUTO_INCREMENT,
  `log_date` datetime NOT NULL,
  `Activity` varchar(45) NOT NULL,
  `user_id` varchar(45) NOT NULL,
  PRIMARY KEY (`log_id`),
  KEY `FK__log_1` (`user_id`),
  CONSTRAINT `FK__log_1` FOREIGN KEY (`user_id`) REFERENCES `_user` (`user_id`) ON UPDATE CASCADE
) ENGINE=InnoDB AUTO_INCREMENT=241 DEFAULT CHARSET=latin1;

--
-- Dumping data for table `_log`
--

/*!40000 ALTER TABLE `_log` DISABLE KEYS */;
INSERT INTO `_log` (`log_id`,`log_date`,`Activity`,`user_id`) VALUES 
 (1,'2014-02-05 00:15:05','LOG IN','admin'),
 (2,'2014-02-05 00:15:57','LOG IN','admin'),
 (3,'2014-02-05 00:16:53','Register New User [User ID = 1202]','admin'),
 (4,'2014-02-05 00:22:02','LOG IN','aldrin'),
 (5,'2014-02-05 00:23:27','Update Employee [Employee ID: 100008]','aldrin'),
 (6,'2014-02-05 00:26:57','LOG IN','aldrin'),
 (7,'2014-02-05 00:27:18','Change Password','aldrin'),
 (8,'2014-02-07 00:19:28','LOG IN','admin'),
 (9,'2014-02-07 00:34:28','LOG IN','admin'),
 (10,'2014-02-07 00:34:39','Change Password','admin'),
 (11,'2014-02-07 00:43:20','LOG IN','admin'),
 (12,'2014-02-07 00:43:45','LOG IN','admin'),
 (13,'2014-02-07 00:46:07','LOG IN','aldrin'),
 (14,'2014-02-07 00:46:18','Change Password','aldrin'),
 (15,'2014-02-07 00:54:02','LOG IN','aldrin'),
 (16,'2014-02-07 00:56:26','LOG IN','admin'),
 (17,'2014-02-07 00:59:11','LOG IN','aldrin'),
 (18,'2014-02-07 01:02:34','LOG IN','admin'),
 (19,'2014-02-07 01:23:01','LOG IN','admin'),
 (20,'2014-02-07 01:24:01','LOG IN','admin'),
 (21,'2014-02-07 01:26:24','LOG IN','admin'),
 (22,'2014-02-07 01:32:34','LOG IN','admin'),
 (23,'2014-02-07 01:34:16','LOG IN','admin'),
 (24,'2014-02-07 01:34:41','LOG IN','admin'),
 (25,'2014-02-07 01:41:28','LOG IN','admin'),
 (26,'2014-02-07 01:41:38','LOG IN','admin'),
 (27,'2014-02-07 01:42:07','LOG IN','admin'),
 (28,'2014-02-07 01:43:12','LOG IN','admin'),
 (29,'2014-02-07 01:45:23','LOG IN','admin'),
 (30,'2014-02-07 01:58:59','LOG IN','admin'),
 (31,'2014-02-07 01:59:15','Update Employee [Employee ID: 100001]','admin'),
 (32,'2014-02-07 01:59:35','Update Employee [Employee ID: 100006]','admin'),
 (33,'2014-02-07 02:00:34','REGISTER EMPLOYEE [Employee ID :100009]','admin'),
 (34,'2014-02-07 02:05:07','LOG IN','aldrin'),
 (35,'2014-02-07 02:10:47','LOG IN','admin'),
 (36,'2014-02-07 02:14:27','LOG IN','admin'),
 (37,'2014-02-10 13:04:04','LOG IN','admin'),
 (38,'2014-02-10 13:04:38','LOG IN','admin'),
 (39,'2014-02-10 14:32:28','LOG IN','admin'),
 (40,'2014-02-10 16:39:01','LOG IN','admin'),
 (41,'2014-02-10 16:39:54','Update Employee [Employee ID: 100001]','admin'),
 (42,'2014-02-10 16:40:14','Update Employee [Employee ID: 100002]','admin'),
 (43,'2014-02-10 16:40:47','Update Employee [Employee ID: 100003]','admin'),
 (44,'2014-02-10 16:41:23','Update Employee [Employee ID: 100004]','admin'),
 (45,'2014-02-10 16:42:11','Update Employee [Employee ID: 100005]','admin'),
 (46,'2014-02-10 16:43:12','REGISTER EMPLOYEE [Employee ID :100010]','admin'),
 (47,'2014-02-10 16:45:54','LOG IN','admin'),
 (48,'2014-02-10 16:46:48','LOG IN','admin'),
 (49,'2014-02-10 16:48:09','LOG IN','admin'),
 (50,'2014-02-10 16:49:20','LOG IN','admin'),
 (51,'2014-02-10 17:01:33','LOG IN','admin'),
 (52,'2014-02-10 17:10:04','LOG IN','admin'),
 (53,'2014-02-10 17:12:23','LOG IN','admin'),
 (54,'2014-02-10 17:31:19','LOG IN','admin'),
 (55,'2014-02-10 17:32:55','LOG IN','admin'),
 (56,'2014-02-10 17:34:31','LOG IN','admin'),
 (57,'2014-02-10 17:36:04','LOG IN','admin'),
 (58,'2014-02-10 21:28:08','LOG IN','admin'),
 (59,'2014-02-10 21:28:37','REGISTER EMPLOYEE [Employee ID :100011]','admin'),
 (60,'2014-02-10 21:29:44','Register LOCATION [Location ID:104]','admin'),
 (61,'2014-02-10 21:29:53','Update Location [Location ID:104]','admin'),
 (62,'2014-02-10 21:30:06','Update Employee [Employee ID: 100011]','admin'),
 (63,'2014-02-10 21:30:39','Register Activity [Activity ID: 11006]','admin'),
 (64,'2014-02-10 21:30:54','Update Activity [ Activity ID: 11006]','admin'),
 (65,'2014-02-10 21:31:53','EXPENSES [Ref No:TEST]','admin'),
 (66,'2014-02-10 21:32:46','GROSS PROFIT ENTRY [GP ID:10105]','admin'),
 (67,'2014-02-10 21:33:10','NEW DEDUCTION [DEDUCTION ID:110105]','admin'),
 (68,'2014-02-10 21:34:40','CLAIM [Claim ID: 11103]','admin'),
 (69,'2014-02-10 21:35:34','Register New User [User ID = test]','admin'),
 (70,'2014-02-10 21:36:04','LOG IN','admin'),
 (71,'2014-02-10 21:36:10','Update User(test) [Active -> In-Active] ','admin'),
 (72,'2014-02-10 21:36:25','LOG IN','manager'),
 (73,'2014-02-10 21:42:28','LOG IN','admin'),
 (74,'2014-02-10 21:42:52','Update Employee [Employee ID: 100008]','admin'),
 (75,'2014-02-10 21:43:15','Register LOCATION [Location ID:105]','admin'),
 (76,'2014-02-10 21:43:22','Update Location [Location ID:105]','admin'),
 (77,'2014-02-10 21:43:29','Update Location [Location ID:105]','admin'),
 (78,'2014-02-10 21:43:35','Update Location [Location ID:105]','admin'),
 (79,'2014-02-10 21:43:59','Register Activity [Activity ID: 11007]','admin'),
 (80,'2014-02-10 21:44:30','EXPENSES [Ref No:TEST1]','admin'),
 (81,'2014-02-10 21:46:25','EXPENSES [Ref No:TEST2]','admin'),
 (82,'2014-02-10 21:47:08','EXPENSES [Ref No:TESTER]','admin'),
 (83,'2014-02-10 21:47:51','GROSS PROFIT ENTRY [GP ID:10106]','admin'),
 (84,'2014-02-10 21:51:39','LOG IN','admin'),
 (85,'2014-02-11 13:03:58','LOG IN','admin'),
 (86,'2014-02-11 13:05:01','EXPENSES [Ref No:TEST11]','admin'),
 (87,'2014-02-11 13:05:50','EXPENSES [Ref No:TEST 2]','admin'),
 (88,'2014-02-11 15:43:56','LOG IN','admin'),
 (89,'2014-02-11 15:54:04','LOG IN','admin'),
 (90,'2014-02-11 16:16:49','LOG IN','admin'),
 (91,'2014-02-11 16:19:26','LOG IN','admin'),
 (92,'2014-02-11 16:50:56','LOG IN','admin'),
 (93,'2014-02-11 16:55:51','LOG IN','admin'),
 (94,'2014-02-11 17:48:34','LOG IN','admin'),
 (95,'2014-02-11 19:15:18','LOG IN','admin'),
 (96,'2014-02-11 19:20:27','LOG IN','admin'),
 (97,'2014-02-11 19:34:04','LOG IN','admin'),
 (98,'2014-02-11 19:34:53','REGISTER EMPLOYEE [Employee ID :100012]','admin'),
 (99,'2014-02-11 19:36:47','LOG IN','admin'),
 (100,'2014-02-11 19:37:11','REGISTER EMPLOYEE [Employee ID :100012]','admin'),
 (101,'2014-02-11 19:38:59','LOG IN','admin'),
 (102,'2014-02-11 19:39:16','REGISTER EMPLOYEE [Employee ID :100012]','admin'),
 (103,'2014-02-11 19:39:59','LOG IN','admin'),
 (104,'2014-02-11 19:40:23','REGISTER EMPLOYEE [Employee ID :100012]','admin'),
 (105,'2014-02-11 23:31:40','LOG IN','admin'),
 (106,'2014-02-11 23:46:49','LOG IN','admin'),
 (107,'2014-02-11 23:59:56','LOG IN','admin'),
 (108,'2014-02-12 00:00:35','REGISTER EMPLOYEE [Employee ID :100013]','admin'),
 (109,'2014-02-12 00:00:48','Update Employee [Employee ID: 100013]','admin'),
 (110,'2014-02-12 00:00:59','Update Employee [Employee ID: 100013]','admin'),
 (111,'2014-02-12 00:01:13','Update Employee [Employee ID: 100013]','admin'),
 (112,'2014-02-12 00:01:42','Register LOCATION [Location ID:106]','admin'),
 (113,'2014-02-12 00:01:52','Update Location [Location ID:106]','admin'),
 (114,'2014-02-12 00:02:46','Register Activity [Activity ID: 11008]','admin'),
 (115,'2014-02-12 00:04:51','EXPENSES [Ref No:TEST MIC]','admin'),
 (116,'2014-02-12 00:06:48','GROSS PROFIT ENTRY [GP ID:10107]','admin'),
 (117,'2014-02-12 01:01:20','Update Employee [Employee ID: 100002]','admin'),
 (118,'2014-02-12 06:54:35','LOG IN','admin'),
 (119,'2014-02-12 06:57:01','LOG IN','admin'),
 (120,'2014-02-12 09:17:32','LOG IN','admin'),
 (121,'2014-02-12 09:18:00','LOG IN','admin'),
 (122,'2014-02-12 09:19:25','REGISTER EMPLOYEE [Employee ID :100014]','admin'),
 (123,'2014-02-12 09:19:46','Update Employee [Employee ID: 100014]','admin'),
 (124,'2014-02-12 09:21:14','Update Employee [Employee ID: 100014]','admin'),
 (125,'2014-02-12 09:23:01','Register LOCATION [Location ID:107]','admin'),
 (126,'2014-02-12 09:26:33','LOG IN','admin'),
 (127,'2014-02-12 09:28:34','EXPENSES [Ref No:OR# 1234]','admin'),
 (128,'2014-02-12 09:31:54','LOG IN','admin'),
 (129,'2014-02-12 09:33:56','Register Activity [Activity ID: 11009]','admin'),
 (130,'2014-02-12 09:34:22','Update Activity [ Activity ID: 11009]','admin'),
 (131,'2014-02-12 09:44:24','NEW DEDUCTION [DEDUCTION ID:110106]','admin'),
 (132,'2014-02-12 09:46:22','EXPENSES [Ref No:FOR JULIUS]','admin'),
 (133,'2014-02-12 09:47:03','UPDATE DEDUCTION [DEDUCTION ID: 110106]','admin'),
 (134,'2014-02-12 09:47:18','NEW DEDUCTION [DEDUCTION ID:110107]','admin'),
 (135,'2014-02-12 09:57:47','GROSS PROFIT ENTRY [GP ID:10108]','admin'),
 (136,'2014-02-12 09:58:32','LOG IN','admin'),
 (137,'2014-02-12 11:05:47','LOG IN','admin'),
 (138,'2014-02-12 11:10:38','LOG IN','admin'),
 (139,'2014-02-12 11:11:35','LOG IN','admin'),
 (140,'2014-02-12 11:17:47','LOG IN','admin'),
 (141,'2014-02-12 11:18:49','LOG IN','admin'),
 (142,'2014-02-12 11:19:42','REGISTER EMPLOYEE [Employee ID :100015]','admin'),
 (143,'2014-02-12 11:20:16','LOG IN','admin'),
 (144,'2014-02-12 11:20:42','REGISTER EMPLOYEE [Employee ID :100015]','admin'),
 (145,'2014-02-12 11:22:56','LOG IN','admin'),
 (146,'2014-02-12 11:23:30','REGISTER EMPLOYEE [Employee ID :100015]','admin'),
 (147,'2014-02-12 11:31:12','LOG IN','admin'),
 (148,'2014-02-12 11:31:48','REGISTER EMPLOYEE [Employee ID :100015]','admin'),
 (149,'2014-02-12 11:34:38','LOG IN','admin'),
 (150,'2014-02-12 11:35:37','REGISTER EMPLOYEE [Employee ID :100015]','admin'),
 (151,'2014-02-12 11:38:10','LOG IN','admin'),
 (152,'2014-02-12 11:38:41','REGISTER EMPLOYEE [Employee ID :100015]','admin'),
 (153,'2014-02-12 11:54:21','LOG IN','admin'),
 (154,'2014-02-12 11:54:54','LOG IN','admin'),
 (155,'2014-02-12 11:55:16','REGISTER EMPLOYEE [Employee ID :100015]','admin'),
 (156,'2014-02-12 12:02:48','LOG IN','admin'),
 (157,'2014-02-12 12:03:18','REGISTER EMPLOYEE [Employee ID :100015]','admin'),
 (158,'2014-02-12 12:09:47','LOG IN','admin'),
 (159,'2014-02-12 12:10:14','REGISTER EMPLOYEE [Employee ID :100015]','admin'),
 (160,'2014-02-12 12:18:07','LOG IN','admin'),
 (161,'2014-02-12 12:18:36','Update Employee [Employee ID: 100015]','admin'),
 (162,'2014-02-12 12:18:52','Update Employee [Employee ID: 100015]','admin'),
 (163,'2014-02-12 12:20:19','Update Employee [Employee ID: 100015]','admin'),
 (164,'2014-02-12 12:33:18','LOG IN','admin'),
 (165,'2014-02-12 12:34:55','LOG IN','admin'),
 (166,'2014-02-12 12:35:12','Update Employee [Employee ID: 100015]','admin'),
 (167,'2014-02-12 12:38:05','LOG IN','admin'),
 (168,'2014-02-12 12:38:28','Update Employee [Employee ID: 100015]','admin'),
 (169,'2014-02-12 13:31:42','LOG IN','admin'),
 (170,'2014-02-12 13:32:27','Update Employee [Employee ID: 100015]','admin'),
 (171,'2014-02-12 13:52:55','Update Employee [Employee ID: 100015]','admin'),
 (172,'2014-02-12 13:53:21','Update Employee [Employee ID: 100015]','admin'),
 (173,'2014-02-12 14:02:12','Update Location [Location ID:101]','admin'),
 (174,'2014-02-12 14:13:58','LOG IN','admin'),
 (175,'2014-02-12 14:14:39','Update Employee [Employee ID: 100002]','admin'),
 (176,'2014-02-12 14:17:08','REGISTER EMPLOYEE [Employee ID :100016]','admin'),
 (177,'2014-02-12 14:17:49','Update Employee [Employee ID: 100016]','admin'),
 (178,'2014-02-12 14:32:28','LOG IN','admin'),
 (179,'2014-02-12 14:32:51','Update Employee [Employee ID: 100001]','admin'),
 (180,'2014-02-12 14:34:27','LOG IN','admin'),
 (181,'2014-02-12 14:34:44','Update Employee [Employee ID: 100001]','admin'),
 (182,'2014-02-12 15:01:51','LOG IN','admin'),
 (183,'2014-02-12 15:03:24','REGISTER EMPLOYEE [Employee ID :100017]','admin'),
 (184,'2014-02-12 15:21:31','Update Employee [Employee ID: 100002]','admin'),
 (185,'2014-02-12 15:34:55','LOG IN','admin'),
 (186,'2014-02-12 15:38:59','REGISTER EMPLOYEE [Employee ID :100018]','admin'),
 (187,'2014-02-12 15:40:22','Register LOCATION [Location ID:108]','admin'),
 (188,'2014-02-12 15:43:44','Register Activity [Activity ID: 11010]','admin'),
 (189,'2014-02-12 15:45:15','EXPENSES [Ref No:OR#112323]','admin'),
 (190,'2014-02-12 15:47:04','GROSS PROFIT ENTRY [GP ID:10109]','admin'),
 (191,'2014-02-12 15:48:24','Register Activity [Activity ID: 11011]','admin'),
 (192,'2014-02-12 15:52:10','LOG IN','admin'),
 (193,'2014-02-12 15:54:20','LOG IN','admin'),
 (194,'2014-02-12 15:57:27','LOG IN','admin'),
 (195,'2014-02-12 16:00:34','LOG IN','admin'),
 (196,'2014-02-12 16:09:02','LOG IN','admin'),
 (197,'2014-02-12 16:10:09','EXPENSES [Ref No:SNACK]','admin'),
 (198,'2014-02-12 16:11:54','GROSS PROFIT ENTRY [GP ID:10110]','admin'),
 (199,'2014-02-12 16:25:41','LOG IN','admin'),
 (200,'2021-07-26 12:02:54','LOG IN','admin'),
 (201,'2021-07-26 12:06:12','LOG IN','admin'),
 (202,'2021-07-26 12:08:43','LOG IN','admin'),
 (203,'2021-07-26 12:09:31','LOG IN','admin'),
 (204,'2021-07-26 12:11:33','LOG IN','admin'),
 (205,'2021-12-05 10:44:10','LOG IN','admin'),
 (206,'2021-12-05 12:21:16','LOG IN','admin'),
 (207,'2021-12-05 12:23:08','Register Activity [Activity ID: 11012]','admin'),
 (208,'2021-12-06 16:10:42','LOG IN','admin'),
 (209,'2021-12-09 14:23:08','LOG IN','admin'),
 (210,'2021-12-10 12:48:27','LOG IN','admin'),
 (211,'2021-12-18 18:38:00','LOG IN','admin'),
 (212,'2021-12-19 17:11:10','LOG IN','admin'),
 (213,'2021-12-24 09:08:28','LOG IN','admin'),
 (214,'2021-12-24 09:10:09','Update Employee [Employee ID: 100001]','admin'),
 (215,'2021-12-24 09:11:10','Update Employee [Employee ID: 100002]','admin'),
 (216,'2021-12-24 09:12:28','Update Employee [Employee ID: 100003]','admin'),
 (217,'2021-12-24 09:13:12','Update Employee [Employee ID: 100001]','admin'),
 (218,'2021-12-24 09:14:09','Update Employee [Employee ID: 100004]','admin'),
 (219,'2021-12-24 09:15:04','Update Employee [Employee ID: 100005]','admin'),
 (220,'2021-12-24 09:15:26','Update Employee [Employee ID: 100004]','admin'),
 (221,'2021-12-24 09:16:26','Update Employee [Employee ID: 100006]','admin'),
 (222,'2021-12-24 09:17:21','Update Employee [Employee ID: 100007]','admin'),
 (223,'2021-12-24 09:18:07','Update Employee [Employee ID: 100007]','admin'),
 (224,'2021-12-24 09:18:45','Update Employee [Employee ID: 100008]','admin'),
 (225,'2021-12-24 09:19:21','Update Employee [Employee ID: 100008]','admin'),
 (226,'2021-12-24 09:20:06','Update Employee [Employee ID: 100009]','admin'),
 (227,'2021-12-24 09:21:17','Update Employee [Employee ID: 100010]','admin'),
 (228,'2021-12-24 09:30:27','LOG IN','admin'),
 (229,'2021-12-24 09:30:51','Update Location [Location ID:101]','admin'),
 (230,'2021-12-24 09:31:07','Update Location [Location ID:102]','admin'),
 (231,'2021-12-24 09:31:22','Update Location [Location ID:103]','admin'),
 (232,'2021-12-24 09:31:37','Update Location [Location ID:104]','admin'),
 (233,'2021-12-24 09:31:49','Update Location [Location ID:105]','admin'),
 (234,'2021-12-24 09:32:02','Update Location [Location ID:106]','admin'),
 (235,'2021-12-24 09:32:14','Update Location [Location ID:107]','admin'),
 (236,'2021-12-24 09:32:34','Update Location [Location ID:108]','admin'),
 (237,'2021-12-24 09:44:45','LOG IN','admin'),
 (238,'2021-12-24 09:49:16','LOG IN','admin'),
 (239,'2021-12-24 09:53:17','LOG IN','admin'),
 (240,'2021-12-24 09:58:43','LOG IN','admin');
/*!40000 ALTER TABLE `_log` ENABLE KEYS */;


--
-- Definition of table `_user`
--

DROP TABLE IF EXISTS `_user`;
CREATE TABLE `_user` (
  `user_id` varchar(45) NOT NULL,
  `Fname` varchar(45) NOT NULL,
  `Mname` varchar(45) NOT NULL,
  `Lname` varchar(45) NOT NULL,
  `Address` varchar(45) NOT NULL,
  `user_type` varchar(45) NOT NULL,
  `is_active` tinyint(1) NOT NULL,
  `_password` varchar(45) NOT NULL,
  PRIMARY KEY (`user_id`) USING BTREE
) ENGINE=InnoDB DEFAULT CHARSET=latin1;

--
-- Dumping data for table `_user`
--

/*!40000 ALTER TABLE `_user` DISABLE KEYS */;
INSERT INTO `_user` (`user_id`,`Fname`,`Mname`,`Lname`,`Address`,`user_type`,`is_active`,`_password`) VALUES 
 ('admin','Aldrin ','Galera','Lopez','Taguig','Administrator',1,'admin'),
 ('aldrin','Richard','Lallo','Coolen','Pateros','Secretary',1,'user'),
 ('manager','Ulysis','Ume','Ullazon','Valenzuela','Administrator',1,'1234');
/*!40000 ALTER TABLE `_user` ENABLE KEYS */;


--
-- Definition of table `activity`
--

DROP TABLE IF EXISTS `activity`;
CREATE TABLE `activity` (
  `act_id` int(10) unsigned NOT NULL DEFAULT '0',
  `loc_id` int(10) unsigned NOT NULL,
  `act_share` double NOT NULL,
  `_date` datetime NOT NULL,
  `_status` tinyint(1) NOT NULL,
  PRIMARY KEY (`act_id`),
  KEY `FK_activity_location` (`loc_id`),
  CONSTRAINT `FK_activity_location` FOREIGN KEY (`loc_id`) REFERENCES `location` (`loc_id`) ON UPDATE CASCADE
) ENGINE=InnoDB DEFAULT CHARSET=latin1;

--
-- Dumping data for table `activity`
--

/*!40000 ALTER TABLE `activity` DISABLE KEYS */;
INSERT INTO `activity` (`act_id`,`loc_id`,`act_share`,`_date`,`_status`) VALUES 
 (11001,101,25,'2013-11-20 00:00:00',1),
 (11002,102,25,'2013-11-21 00:00:00',1),
 (11003,103,25,'2013-11-22 00:00:00',1),
 (11004,102,30,'2013-11-22 00:00:00',1),
 (11005,101,25,'2013-12-18 00:00:00',1),
 (11006,104,25,'2014-02-10 00:00:00',1),
 (11007,105,25,'2014-02-10 00:00:00',1),
 (11008,106,27,'2014-02-12 00:00:00',1),
 (11009,107,25,'2014-02-12 00:00:00',1),
 (11010,108,15,'2014-02-12 00:00:00',1),
 (11011,101,25,'2014-02-12 00:00:00',0),
 (11012,102,25,'2021-12-05 00:00:00',0);
/*!40000 ALTER TABLE `activity` ENABLE KEYS */;


--
-- Definition of table `claim`
--

DROP TABLE IF EXISTS `claim`;
CREATE TABLE `claim` (
  `claim_id` int(10) unsigned NOT NULL DEFAULT '0',
  `_date` datetime NOT NULL,
  `total_salary` double NOT NULL,
  `total_deduction` double NOT NULL,
  `emp_id` int(10) unsigned NOT NULL,
  PRIMARY KEY (`claim_id`),
  KEY `FK_claim_employee` (`emp_id`),
  CONSTRAINT `FK_claim_employee` FOREIGN KEY (`emp_id`) REFERENCES `employee` (`emp_id`) ON UPDATE CASCADE
) ENGINE=InnoDB DEFAULT CHARSET=latin1;

--
-- Dumping data for table `claim`
--

/*!40000 ALTER TABLE `claim` DISABLE KEYS */;
INSERT INTO `claim` (`claim_id`,`_date`,`total_salary`,`total_deduction`,`emp_id`) VALUES 
 (0,'2013-11-21 00:00:00',0,0,0),
 (11101,'2013-11-22 00:00:00',280500,9000,100002),
 (11102,'2013-11-22 00:00:00',775000,2000,100001),
 (11103,'2014-02-10 00:00:00',23181.8181818182,20000,100011);
/*!40000 ALTER TABLE `claim` ENABLE KEYS */;


--
-- Definition of table `deduction`
--

DROP TABLE IF EXISTS `deduction`;
CREATE TABLE `deduction` (
  `deduction_id` int(10) unsigned NOT NULL,
  `_date` datetime NOT NULL,
  `amount` double NOT NULL,
  `claim_id` int(10) unsigned NOT NULL,
  `emp_id` int(10) unsigned NOT NULL,
  PRIMARY KEY (`deduction_id`) USING BTREE,
  KEY `FK_deduction_claim` (`claim_id`),
  KEY `FK_deduction_emp` (`emp_id`),
  CONSTRAINT `FK_deduction_claim` FOREIGN KEY (`claim_id`) REFERENCES `claim` (`claim_id`) ON UPDATE CASCADE,
  CONSTRAINT `FK_deduction_emp` FOREIGN KEY (`emp_id`) REFERENCES `employee` (`emp_id`) ON UPDATE CASCADE
) ENGINE=InnoDB DEFAULT CHARSET=latin1;

--
-- Dumping data for table `deduction`
--

/*!40000 ALTER TABLE `deduction` DISABLE KEYS */;
INSERT INTO `deduction` (`deduction_id`,`_date`,`amount`,`claim_id`,`emp_id`) VALUES 
 (110101,'2013-11-21 00:00:00',2000,11102,100001),
 (110102,'2013-11-21 00:00:00',3000,11101,100002),
 (110103,'2013-11-21 00:00:00',6000,11101,100002),
 (110104,'2013-11-22 00:00:00',4000,0,100004),
 (110105,'2014-02-10 00:00:00',20000,11103,100011),
 (110106,'2014-02-12 00:00:00',0,0,100014),
 (110107,'2014-02-12 00:00:00',200,0,100001);
/*!40000 ALTER TABLE `deduction` ENABLE KEYS */;


--
-- Definition of table `emp_act`
--

DROP TABLE IF EXISTS `emp_act`;
CREATE TABLE `emp_act` (
  `act_id` int(10) unsigned NOT NULL,
  `emp_id` int(10) unsigned NOT NULL,
  PRIMARY KEY (`act_id`,`emp_id`) USING BTREE,
  KEY `FK_emp_act_employee` (`emp_id`),
  CONSTRAINT `FK_emp_act_activity` FOREIGN KEY (`act_id`) REFERENCES `activity` (`act_id`) ON UPDATE CASCADE,
  CONSTRAINT `FK_emp_act_employee` FOREIGN KEY (`emp_id`) REFERENCES `employee` (`emp_id`) ON UPDATE CASCADE
) ENGINE=InnoDB DEFAULT CHARSET=latin1;

--
-- Dumping data for table `emp_act`
--

/*!40000 ALTER TABLE `emp_act` DISABLE KEYS */;
INSERT INTO `emp_act` (`act_id`,`emp_id`) VALUES 
 (11001,100001),
 (11002,100001),
 (11004,100001),
 (11006,100001),
 (11007,100001),
 (11008,100001),
 (11009,100001),
 (11010,100001),
 (11011,100001),
 (11001,100002),
 (11003,100002),
 (11006,100002),
 (11007,100002),
 (11008,100002),
 (11009,100002),
 (11011,100002),
 (11004,100003),
 (11006,100003),
 (11007,100003),
 (11008,100003),
 (11009,100003),
 (11011,100003),
 (11003,100004),
 (11004,100004),
 (11005,100004),
 (11006,100004),
 (11007,100004),
 (11008,100004),
 (11009,100004),
 (11005,100005),
 (11006,100005),
 (11007,100005),
 (11008,100005),
 (11009,100005),
 (11005,100006),
 (11006,100006),
 (11007,100006),
 (11008,100006),
 (11009,100006),
 (11006,100007),
 (11007,100007),
 (11008,100007),
 (11006,100008),
 (11007,100008),
 (11008,100008),
 (11012,100008),
 (11006,100009),
 (11007,100009),
 (11008,100009),
 (11009,100009),
 (11006,100010),
 (11007,100010),
 (11008,100010),
 (11006,100011),
 (11007,100011),
 (11008,100011),
 (11008,100012),
 (11008,100013),
 (11012,100016),
 (11010,100018),
 (11012,100018);
/*!40000 ALTER TABLE `emp_act` ENABLE KEYS */;


--
-- Definition of table `emp_img`
--

DROP TABLE IF EXISTS `emp_img`;
CREATE TABLE `emp_img` (
  `emp_id` int(10) unsigned NOT NULL,
  `image` blob NOT NULL,
  PRIMARY KEY (`emp_id`),
  CONSTRAINT `FK_emp_img_employee` FOREIGN KEY (`emp_id`) REFERENCES `employee` (`emp_id`) ON UPDATE CASCADE
) ENGINE=InnoDB DEFAULT CHARSET=latin1;

--
-- Dumping data for table `emp_img`
--

/*!40000 ALTER TABLE `emp_img` DISABLE KEYS */;
INSERT INTO `emp_img` (`emp_id`,`image`) VALUES 
 (100001,0xFFD8FFE000104A46494600010200000100010000FFDB004300080606070605080707070909080A0C140D0C0B0B0C1912130F141D1A1F1E1D1A1C1C20242E2720222C231C1C2837292C30313434341F27393D38323C2E333432FFDB0043010909090C0B0C180D0D1832211C213232323232323232323232323232323232323232323232323232323232323232323232323232323232323232323232323232FFC0001108007E008003012200021101031101FFC4001F0000010501010101010100000000000000000102030405060708090A0BFFC400B5100002010303020403050504040000017D01020300041105122131410613516107227114328191A1082342B1C11552D1F02433627282090A161718191A25262728292A3435363738393A434445464748494A535455565758595A636465666768696A737475767778797A838485868788898A92939495969798999AA2A3A4A5A6A7A8A9AAB2B3B4B5B6B7B8B9BAC2C3C4C5C6C7C8C9CAD2D3D4D5D6D7D8D9DAE1E2E3E4E5E6E7E8E9EAF1F2F3F4F5F6F7F8F9FAFFC4001F0100030101010101010101010000000000000102030405060708090A0BFFC400B51100020102040403040705040400010277000102031104052131061241510761711322328108144291A1B1C109233352F0156272D10A162434E125F11718191A262728292A35363738393A434445464748494A535455565758595A636465666768696A737475767778797A82838485868788898A92939495969798999AA2A3A4A5A6A7A8A9AAB2B3B4B5B6B7B8B9BAC2C3C4C5C6C7C8C9CAD2D3D4D5D6D7D8D9DAE2E3E4E5E6E7E8E9EAF2F3F4F5F6F7F8F9FAFFDA000C03010002110311003F00F14B77814FCFB58E47F1741DEACDBC6924C36B29C0248073599026E02AE468C8C1909561D083822B454EE85CD63AE92DED4E8519545136E39208CE39EDF97EBED96787E4B2B5840BB9638DCE787600F5358B6F7374F246866918020ED66383ED57F5FD463BED76796D2DE2B28A4958F92A7E58FE6200E9D31EDDCF159D0FDCD5E5DF7674D7FDFD3E65A592449E206B09EFB364C862C923120623D0123AF5AC52B000CAC46EDDD770E07A11EBF8D5EB69167D42D6205145C90AE19C2AC64B903E63D140C1E4FE38A7F88E1B24BBB792C84C164814CC2660DFBCC73B48EDD2AE7562EAF2BEA651A0D53E64EF632C0B6080302CDBF2489001B7D318EBEFFA542C89D9852D15A7218DC6B2C640C7040E72D9C9FE9DA87101DDB6371C1DB9901C1DDC678FEEF1F5E7DA9EAACEC1554B31E800C9A7FD9A7FF9E12FFDF06938A5D47A94CC6074E69853DAAFFD9E7FF9E12FFDF068F226FF009E327FDF06972C7B86A476834F11B2DE45705CBAE248C8215770DDF2F1938CE3E6C7E79125F369D2DFC8FA75ABC16CA8A88B239DCE40C1739CE09233B4138CE33DE93C897FE78C9FF7C1A63432FF00CF293FEF8352A9C53BDC6E4ED61F1BDAA4710F944AB2173213DB030319C75CF6F4AB979A869D757733B471C70F94C2248F3C3E383CB923919392DDC7A1192F6F31FF0096327FDF06A8C8082410411C106A2A534F5B974E6E2EF62C5A1E40AD5890362B1ADCE08AD7B69318AEAA6F43291B5A0D87DAB5EB2832034926D4CF77FE11F89C0FC6AEDFE8578BA22EAD222B244C96CF1B67A92E3231FEE1279EA7DEB3ED1B1286CE307208ED5E8373A9DB4DE1BB0B2D3AE3373717B1968591B6C45637DA033647DE00E09CF7F5AF37327568D485586CF47E5B9E9605C274A54E5BDF439AF0EF8525BCD427BA89D7C9B40AECD8CE4B160A003FEEFE1581E208A4492D1A485A2F36269101071B4C8E0633DBE5C7E1ED5EA3A4DCC7A0EAF3E897D2C51472C788EE550EDDE096E4E39F95F1C7AAD79FF8A61124FF00687BD9673B8AC4AF920264B6067A0C927EA4FE3C982AF3AB8ABCF6B69F89D58AA3C9856A0BAEBF81CAE28C548569315EF58F085B685A7BEB48531BA4B88D067D4B015D7268E05C2A35E450916724E0DD029BCAE0EC18DDF3918C027AFCB9CF5E5EC9A38AFEDE595DD1629049B9002415E4704807903BD766C34EBFB68A56D4264D864D912DA2F00E09C7EF318E3819E318F6AE2C4CD45EA74D0A529AF755CB10F872D5ACEFE7B8D7F4D89ED669618E249379B8291BBEE4E9F2B155552783BBD400CD93C2AA6D1EE2DB5BD32709651DDB42B21337CC859A308A0E590A9DDE830C768CE3302698F6ED3ADE5C6C5CE4345106EDD14CB93D7D2AB4D2699148F19B9BA2CA4A9C4084647A11260FE1582A91FE9307165634C35235CE9BDA7BBFFC075FFE2EA17BBB01D24B93FF006C57FF008BAD1497F489686B572D79FF001F537007EF1B80303A9AE91EEEDBF85A63F5403FF66AE6AE886B8958742EC7F5AD624090F5AD181AB362ABF09E2B683259AF6D2ED23BFB574FA4CF692DF4524F70F6AAA1BCB2B0EE065032A30073938FD07AD7236C1A595234C16721464E393EF5B73EA0967E25889B74F2AD641224699550C141EA0FDEE873EC323B5678A4A69459D18594A2DD8DCD66E219A3B4D423B8796FE505AE2DD23FDCC582421520F390463AE7279F5E5AE983DCBA3CBE64FF00798673B453E6933A9C71DAFEE95B19DCE5B00F1924E7A67033EC2AEEA7A07F651B7BE0E245910195B3D01E327D792BF9D634654A849436BE8BD3B1BD68D6AD16F74B57F3EA623C5ED4CF2EB55E00C322AB490EDAF4E513CD4CCBB957109F2C12DC6368C9AD88F536B56D3E78CB4CE1374B1188A6D2A02A82D8E4ED1F8F1EBC5558F12A1C1EBD9039FF00BE4F07E9DE9D0E96644F2D6DAF1E6F2F7C9BAD48F2D719DC0EF19FBB81903393DF15C95A37763A28D7952D516A1B886DE20F1C530BC53C49E6298F1DC142BC82320827073F855449258994A1236B06031C647438EF4D68B4C8DE75924B847450A2392D483B8100FF00CB4E0F0739E3938C1C54514BA7BC3279D179521662A23899C00570064C838079E84F039238AC7909E60656FEE9FCAA268DFF00B8DF9537FD144C482ED1907831E319240E37761CF5EBC7239A96496D9A1820C9DB1C8D97FB3AAB9427A921BE6231900F4C919C5525613645E5BFF71BF2AC89C625707FBC7F9D6E5CDC5B032ADBC31B095705CC654A1DE5BE51B8E38C0CFA71EA4E14BF7DBFDE3FCE9A1091F5ABD15528C55E894919EC3AD691065EB590473C6E7A2B03FAD77377E14BAD574D8EFEC9632C5DA3DAC4A979588DA01E992148C9F51F51C3DA5B4D753A41046D24AE70AABDEBDA3C27AB40A756B3778BC9D3E78AE2DF79C66427B7B7CADFF7D91DB98C426A2E71DF6FC4D68BD544E374BF055CD8E891EB5AAB440DC42C1211F32B21DA46491D41078E73C7354678AE2EB4B42C247B6DBB8070738CE7A8EBDBF2EA6BB8F1DEAF00D32CEC6C6F208E0030F001BC938C6179E3AF4E4671C7AF2F73ADC03C3FA7E9DE5F940C06390E3E642A47BF1900FE7F8510F6738C5CD2BAD4A72A906D41BB3D198A1863DA98C81C67B540251B8807A71D3153A12E70B5E8C649A38D94AF1563B6919B380A49C75C560FDB2D3FBB37E95D15FF00CF63329E32A466B16F3C3777A7876BA8E68D525313318C10181618C83EA8E01E8763633B4E38F11F1170D8AFF6CB4FEECDFA51F6CB4FEECDFA545F618FFE7B37FDFBFF00EBD1F618FF00E7B37FDFBFFEBD60592FDB2D3FBB37E947DB2D3FBB37E9517D863FF9ECDFF7EFFF00AF47D863FF009ECDFF007EFF00FAF4012FDB2D3FBB37E954D8872ECB9DA49233F5A9FEC31FFCF66FFBF7FF00D7A8D902424039E48CFE34D085B701BAD6D691A74FAA5EC761029791C9288BD58F1C0FE7CF0306B1AD8735D1F86B566D0F5FB5D4922123421F0A5B00E54AF5C1F5A9ADCCA8C9C17BC969EBD0BA76E75CDB1DC787BC2B6FA1F892E2C351B947BB36E8D13463800E7CCEA3A8C6D07B863EA40E6EEEE6DADF5CBE7B360B1098AAB3E1B81C641EDDCE6A4F1A5F45AD6A10DD4122F99241B9959B078C600F7209FCAB2B4FB478ED64B972446268D1580C027E63FD07E62B9F0D52A57A117596EB53AE718D1ACD53E9FD7EA5EB9D4AE27708D3B818CAF7E3D49F4E31C7A1AAB3A8755048DE1793FAD5A8ECA4BCD196F4B9C437BE5BEDE06D11EE2BF5245676F72814B8DCCBBB3EA0F41F85552E4D543A683C43A8ECE6F47A8D8DB73BB0E773124E7AD588E529CE6A20AB1AF403DA984E4D7A71D158F39EA5B8E6804D11BA4325B8914CA8072C99E4751DB3DEB4ED2E7C38BBC5CA44C1EF20620589FF005398CBF3C15230E08503393838EB86A57CC4F316364DC370909DA47BE0838FA106A949E41D3D4A9B412870485F37CC236818E7E4C6727D724F6C0AC2BEB34FC8A8BD2C6DDD5F68C2D359B7B4D38B2DC856B49668809A121A238CAF1F744A0E00073C63A5735E549FDC6FCAA48228A56DB25C2C249E19D495030724ED04FA0E87AF6C53658D6329B6649772863B037CA4FF0009C81C8F6E3DCD6431BE549FDC6FCA8F2A4FEE37E54F78A346940B88DC23ED5281BF7839F98640E381D70791C75C2C3143221DF7022937AA80C84AED39DCC48C9E38E307393E9C8047E549FDC6FCAA94D908411D19BF99AB8EA15D9430600E030CE0FBF354653F291FED1FE74D005BB62B46371B3AF518ACC88F22AEA3044DBD8F7A6EFCBA02DCB76F751ADBB40221E649C3CA09C95F4FF3ED5D4DB103C29722700B7DAC32138C80150647EA2B90B08BCC94C87EEA9E2B761BA371697116DCAAB0C1F4241FF01F955C63708CDA64BA6B96866B68CAC7E661E4C8E091D0F3904E5B90474AA12C252F59FEEA2FDD5F6ED53426482E22655DCD95E3AF620FE94EBE2C6ED81666C003939C71D07B66B38516A6E77D0E8A95A32A4A16D5752024B1C9A72A134F8E1279356563005751C8451CB2D94B15D40DB268645911B19C3039079F7ACF68D5C287DCC146D5CB1381E82B46EBFD41C7A8AA158D4DC688FECF17F77F5347D9E2FEEFEA6A4A2A008FECF17F77F5347D9E2FEEFEA6A4A28023FB3C5FDDFD4D625CE164914740EDFCCD6FD73F747F7F28FF006DBF9D034310E2A55632BAAD5706B5748118677750586304F6A4983251E6A4412189D81EE14E2B6F49B294584EC768767E173C9C0CFF005A83CD07B8A912E64894AAB100F38ED9FA55C676649259C724B7CDF21E3240CFE14970A23B970793C127F0A6C174606738DDBD0A1CFBD4524DBDCBB6013D7D2AB9F4025F340A3CDCF7AB33F89B50960B7866BC12C56E14451B46ACA154200A463057F768769C824648C926B6ED27D4ADA6B7783C45E410D1E0F947116D010123078DA8A0E33918073C8A4A644A718FC473176DB23DAECBC856C86047233D47D7A76E954BCC4FEFAFE75A7E2479F64292DDA4E880A462388468A011F754600CF5E839249E49AC2B730ACEA6E159A2E7705EBD2A64EE5C5A92BA2D7989FDF5FCE8F313FBEBF9D5CFB4F873EC6EBFD9D7C6EB68D927DA06CDD93925719C630319E082727381544DA4E79B6980CF41FF00ED5218DF313FBEBF9D1E627F7D7F3AD2D16E7478AEAE8DC98E38182796B341E63679CE3E56C7FF00AAB54DFF0087CC3C4D6025F7B2CAF6FF00A65F5FD3EB409BB3D8E63CC4FEFAFE758172737329EDBCFF003AD6BB647BD9DA32A633231528BB4633C6060607B62B1E5FF5AFFEF1FE74AE522DD9D925C5ACB3B6711B2A900FF7BA763E87AE2AFC76E2DD9A18C86019BE60FC1C1C67A5675B6A335ADA4B6C810C52B2BB839C92B9C720FB9FF20548758B82E5CA47B89249E7B9C9EFEB4819B1676FE76A16B0DC1686DA5992392E720AC40B0058E7038C83C903A7229750816DF50D420B5792E60B4620CC140C80D8C9C1200CFB91E84E45604F7F35C3866C0C740338CFAF26A77D66EE46BA62514DD2EC9446823561D71B530B8C807A7500D1D47A72DADA921BE4F43535B6A111911241B57201704E5473C81B80CF39EDD3EB9C98276B7B88E6400B46E1C061919073CD48D7D3326D296F8CE78B78C1FBDBBAEDF5FD38E9C53BEA0D2B1B89A9D8436F2011BDCCC64511B4C0A80986073B5FAFFAB23F11DB9A72DF09361F2901500120B1DD8007393EDDB1D6B3249DE4CEE110C9CFCB12AFA7A0F6FE7EA6849DD10A81160AEDE625271F523AFBF5A7CC2E52F47768245F314BA67E6507048F63D8FE7512CE37106A885F7A92DE5FB3DCC53044731B86D920CAB60E7047714F99858BFE7803A0CD4B17CCC4301C1C73EB55E0BC98C1F670B16C196FB983F740EA393C28E3B1CFA9A9629700B302416C9E7B9EF5717DCCE46A43A6DDDC4125C5BD9CD3C16E079AE9192A993C6E3D067B66A4BBF0FDC2BA446D6E927F99658DA2C1470C46DF5E98CE7073918E392DB53B9B64290322AEE0D9280B02063824647B8EFDFA0AB3278C758B7912E0DCACD3A9624DC44B2A9C939C86041C924F22B57632B88DE0F290ADCAC1A89B267F2FED0F6C1467248039209D986C67AF1D06E34C785E290039B8DF939FBA063B60F7EFF4AD1B7F18EB3E5DBA25CEC36F1EC8CA0DB801CB8E473C37393CF03D05677FC2477B1C0A76C24B125410C40F5EFC543B68357B3D75E9EB75FA5CFFD9),
 (100002,0xFFD8FFE000104A46494600010200000100010000FFDB004300080606070605080707070909080A0C140D0C0B0B0C1912130F141D1A1F1E1D1A1C1C20242E2720222C231C1C2837292C30313434341F27393D38323C2E333432FFDB0043010909090C0B0C180D0D1832211C213232323232323232323232323232323232323232323232323232323232323232323232323232323232323232323232323232FFC0001108007E008003012200021101031101FFC4001F0000010501010101010100000000000000000102030405060708090A0BFFC400B5100002010303020403050504040000017D01020300041105122131410613516107227114328191A1082342B1C11552D1F02433627282090A161718191A25262728292A3435363738393A434445464748494A535455565758595A636465666768696A737475767778797A838485868788898A92939495969798999AA2A3A4A5A6A7A8A9AAB2B3B4B5B6B7B8B9BAC2C3C4C5C6C7C8C9CAD2D3D4D5D6D7D8D9DAE1E2E3E4E5E6E7E8E9EAF1F2F3F4F5F6F7F8F9FAFFC4001F0100030101010101010101010000000000000102030405060708090A0BFFC400B51100020102040403040705040400010277000102031104052131061241510761711322328108144291A1B1C109233352F0156272D10A162434E125F11718191A262728292A35363738393A434445464748494A535455565758595A636465666768696A737475767778797A82838485868788898A92939495969798999AA2A3A4A5A6A7A8A9AAB2B3B4B5B6B7B8B9BAC2C3C4C5C6C7C8C9CAD2D3D4D5D6D7D8D9DAE2E3E4E5E6E7E8E9EAF2F3F4F5F6F7F8F9FAFFDA000C03010002110311003F00E3E834A460D348A4034F4A7467E6A631E29D1FDEA406CD83F97F355B7B82E7AD6642F85C54C1F9AD62EC4346824A687938AACB250CFC56BCE67CA3667AA52354D2366AB486B293344881CD577A99AA26AC99640C29231CD3DA9A9D6A4658515320C9A893A55B8132734C049A3C76A80F4AD5B883AF159B2A60D53115CD3A3EB4D61CD2C7D4D202EC678A943735021E2A4069A6162C06E282FC573177ABCE6F0792E52203E51C65BDF1FE7F9D6BE9F79F6BB45727E7076B7D7FCF35A6B620B6CD9A81CF352135135432910B75A8DAA56151B0A9190B5357EF539A9ABF7AA465A419AD2B68F81C550B75CB56DDAC7C0E29A132C5C45C564DC45835D14B1820D66DCC3ED5A344A39E75C31A6C5C9356AEA3DA4D5588727EB50CB2CAD130736F204FBE54E3EB8A722E6ADC3016A108F39912685BE6043F208C74AE9BC336F86B940E5C6D8D867F1CF193DF23F23DE9BACD93E9DA979DB418E6259493939FE21FAD6BF8589BCB895F602CB92EDDCEEC127F304FB5373EE5AA775745C36C71D2AB49095CF15D41B30572064551B8B3EBC55D8CAE73AC08A8D85694F6F83D2A8C8841ACDA1DCAAD4C5FBF52B0A8D7FD65228D3B24DCC2B7EDA3E3A5625BCB15ADB99A66DA8BD4D735A8EA7717F38B82C5150FEE829FB9F4FF001FFEB55244B3D51E318AA33C431D2B5E44E01AA73C476E6AEE49CCDEC3C1ACE8A2F9BF1ADEBC8F9359F1C5F3F4ACD963A08738E2B56DADB38E2A2B787915B16B10E38A684CC9D7F428B50D264919CC72DB23488FDB819208F438FC3F438FE109BFB22112CDB775CE491FECF403F99FC6BAEF103BC3E1CBC31EC0EE822CB7401C8527F5AF3C7BBF3AF7ECE0058A340222BCFCA3DFBD6754DE8773BFD12F16FEDE54241789B8183F70FDD3FA30FC2ACDC5BF078AC9F077FC7C6A29D9562C7FE3F5D2CAA0835BD3D608C2AE936731736FD78AC89E0C13C5755730839AC7B987934491099CECB1E2AAEE58DF739C281C935AD711633583A926648D08F948248F5C63FC6B3B6A5DC86EAF1EFC818DB6CBF717FBDEE7FCFF00F5E0907EEFF1A79A49798CD3608F68907CB8AAF22E50D58619A864E16A8462DE47F31AA31C3861C56B5C2EE26AB04C30A96325823CE2B521C46993C0154E118C557D62F7ECF68510E19B8A106E53F10EAAB79A75CD8C3F79B6E0E09E8C1BFA570B6A1E0BB877FDD24AE0F6E2B6E39479BF31C13D4D51D5AC8472DABC520DAF32827B8C9AC652BCAC74C2368DCEABC12CDFDA1AC6EFFA63FF00B3D75EDC8AE3FC2520FED2D5B0DC662E3FEFA15D597E335D34FE147355F8D8C9A3C83591731E335C94FF0010AF04C516D772EFDAA7CC51DF827E5C0FCEB1E6F1CEAE5D370B521F9C2A1C8E718EBD6A999A3ACB951935CDEA6CA6E1503025549233D3A54B07881752B3B808C62B948DA4DB8CE00C77C63BE2B907BD97ED0CCAC4B93C927AD66D6A5A36C9E69ADCC66AADA4E658CEE396CD5927E5349948F6A2462A1908E94ECF1F4A8643922988AD20E09AAC461EAF88BCD70A4E1472C6A6482242708A73FDE19FE74D41B44B958A319E2B9ED5E6335CB2E785AE8AFC476D16F5F97B63D7DEB9291CC92337A9A992B685C5DCC8BA97C99C0CF2541FD4D0920B820952DB0EE3DF1DB27D3922B7347D37EDBA999EE521FB24002E254DC647241C28E8470076EB5BDE237822D16752B3966755DCECA003D7A0E7240EE38C7A8C54BA7A731AC6A6AA266F841E336F7B2803CC6B8D84FB05047FE846ADF89F5FFEC6D33F75CDE5C37936EA08C8623EF60F503E879C0EF589E0C9D4DA5D28E0998BF3F97F4A9B5841A878BB49B7F2438B58A4B962C78E7017EB8651F9D6B1F84C27AC99E6B35EBDC973280C58EE63EA6AB7CD90492403C735D2689E0EBDD76CDEE21BAB2B760FB2386EA5F2DE5F9437CA31CE41A84F84B568C3F996B23A2A6EDF6ABF685FBBB864C790382A7939C1CE0D53B88A5A65D15B8BB1B46E96DA441818E48E3007B8159A0FCC4F7AB7A7C7235F05895A46C600456639C8EC067AD68DCF8764B7B3BC7CC9E7C124482229867560C7701D7180BFF7D54F2B7A8EEAF633ECA72B2807A3706B581ED54749D2A6BDD4ED6D1D24884D2AC7BCA7DDC9033838CFE75BBAAE9ABA56A7259F9C6508701F66DCF00F4C9C75F5A968A47AB1381D6A339622866E452AF5C8A484C6484476CE652634DD82E1B04AFB639EBC763CF1CE296D98496EE6DE72C093B0C809287D0E4E4F3CF3EB55EFAF974DB117128DE7276AA9237139207E5FCA8B4BA8EE34592FA587E5923779507CD9DA083D7D97A56EBB193327529556C8886E1E742E0867258F420F27B7008FAFBD62479C56A5CDEFF68D8099116156906F8F764E406C11EDEBF855144C35612D59AC74343450E44CCE70AB2109C633F2AE71EBD7F5F7A83C572A5B5B2222EE126D39EC42EE1FD4FF009353696CC934AA54FCD82AC3B633C7EB9FC0573FE289D20D4248A490BB637972C4EEFCFA7A63B5397C05C3E22BF84EE4C578F193FEB17F515D2DFDC2595FDBEA33164812192267542D82CC8572003C7CA79E9F98AE234698C57D03F4C9AEB758BE74961B68D632854B48CC376D38F94601F7E73EA29C7621EE727E12F144BA0EB313C93C8B6B2A88662BC945ECC010C323E8782C075CD75FA5F8E6D6C0CF2CEE92C57063775588A1326583B606464811923E51C6402739E1DF4CB69583C7236F51FBCDFCEE38CE7231FE7BD578E492C19D240AD8192A79071FFEAABBBB136573B9D7BC4DA5DEA451B411CE58965DA082B19C77CE7078C8C0CEDF6E7362B8BC9F4DBCB18B4E7B6B89AEC95B5485B7A270554FF11C64819C9EB59969A35E0B7B57851C8BA90FD9A5794246A070D9278C9380791C0E9C8225106A9093248CCD01091C931121553F74465B1F39000185CF0BC640A98DD5F5B9B39C5BD1248EAEE743D1BC3C6CEFAEF559C488EAD19383B9811960B8CE01E4F271EE719B77DE18835B51A8C176656986F8E5561B4823B8C673C7B57076B14FE21D5B75D4A7EC311CB98D8EC44C9CE33F749C13C8F56C57A5A4F1E91A7A416D12B5A2AE21DA48C73CE7A9CF3C8FE841AAD1996A9685F27269CEC238D9890368C9CD42CE4118F5AB16D01B91BD88D8ADCAE33BB1CF3ED511571B307C510168ADA2491B6C7C15273EC09FCAB545B791E19784A796459B0208C618A1CE47AE6AE5F69F6F7ACA260C318FB87048EB83535FC4B3D8CB1312148E71D715BDB76657D8E1E1C4561141E48C17671367938C0DBFAE7F1A681F3E6A5BB68D2FBECB1A91F67DD1E7FBDF74E4FBE4B7E005376FCD5CCF73542C3284B95439218124038C76FEB5CFF8A099A489E408720EC03B0E7A71D323B1EC7D7276247DB3AE0739C67F027FA564788DC490A1F98499DCC3B631C7E8B834FA0FA9836EDB24423B115D1EA77F6F6D29FB5DBCCB2498752A42E57683DFD401F5FCAB99438E6AE6A366D710C7BE560C100073BB8FA7D3FCF6A70148B32CDA7AD8DBDDC1244ECD9125B16C3A11D307249E31CE3D463D69C7A7CD23C3AACF6925D5A6E5F362198C32962A32FD81605738EC71D0E3B1F8496AB6DA96AA255572638F6480619464E47B03C679EC2BA0F18E89141E6EA50CB32DB11BEEAC95F62CC59826F047218EF0ADEAA4F3C60EAD5E374427676679D4FA8594B01B60B75E5DB83822E13CB61C2E047B17392172739FE22091525AEA012EE39E2115A5BAC6502C0A576E548396C333753D49EBD7B561CEBF65B9B9B2F95D565FF58570DC671F4CE791EC3D2AB5CCD2451796AC42BF5C5416771A76BF6C4CAB717966B348A8A92244EABF2E40046D014007B6071C8C92D5A72DD436DA3DEBACD14AABB98C98CB2B1625463208C938C1E9E9915E529230E8C41F635B3A34F25DCADA5B4B2017A5628CEE3859370DA58775CF07D33919C60AB8CFFFD9),
 (100003,0xFFD8FFE000104A46494600010200000100010000FFDB004300080606070605080707070909080A0C140D0C0B0B0C1912130F141D1A1F1E1D1A1C1C20242E2720222C231C1C2837292C30313434341F27393D38323C2E333432FFDB0043010909090C0B0C180D0D1832211C213232323232323232323232323232323232323232323232323232323232323232323232323232323232323232323232323232FFC0001108007E008003012200021101031101FFC4001F0000010501010101010100000000000000000102030405060708090A0BFFC400B5100002010303020403050504040000017D01020300041105122131410613516107227114328191A1082342B1C11552D1F02433627282090A161718191A25262728292A3435363738393A434445464748494A535455565758595A636465666768696A737475767778797A838485868788898A92939495969798999AA2A3A4A5A6A7A8A9AAB2B3B4B5B6B7B8B9BAC2C3C4C5C6C7C8C9CAD2D3D4D5D6D7D8D9DAE1E2E3E4E5E6E7E8E9EAF1F2F3F4F5F6F7F8F9FAFFC4001F0100030101010101010101010000000000000102030405060708090A0BFFC400B51100020102040403040705040400010277000102031104052131061241510761711322328108144291A1B1C109233352F0156272D10A162434E125F11718191A262728292A35363738393A434445464748494A535455565758595A636465666768696A737475767778797A82838485868788898A92939495969798999AA2A3A4A5A6A7A8A9AAB2B3B4B5B6B7B8B9BAC2C3C4C5C6C7C8C9CAD2D3D4D5D6D7D8D9DAE2E3E4E5E6E7E8E9EAF2F3F4F5F6F7F8F9FAFFDA000C03010002110311003F00F5A1167DE8F27DA9C26C0E0D2899B1D6A2EC2C446007B546D6C0F41560CA69A64CF5269F330B229CB6D85FBB59D35B31CE0715B2EC0D47B57D2A949A1348C2364E73C5625DEB5A2D95CB5BDC6AD651CCA70C8D3A82A7DF9E2B07E287C443A419B40D199E3BF2A05C5C818308201DA9FED107AF6CF1CF4F10F22E5D77F9726D3DF157ED18B92E7D176FAD68976E8906B162CEE7684F3D724FD335B674B6081B35F2CF953819D8D8F5C57A07C39F1F5E689A8DBE917B22B69B3CCA84CCF810648CB024E02FAF6EFEB95ED1F40E4B6E7AF496A54E050B6AC7B1AE9BECF09E401CD21B741CF147B60F6673C2CDBA053482CA4CE361ADFD8A0D2F1E947B461C88C2FB049E94F8F4F77E36D6D601ED4E550A78A4EA31F2A143114EDF544EA30F643F9D33FB4933C267F1A5CAFB0732344C847634C337FB2DF95516D44BFDD402A36B89587268E47D43991A065FF65BF2A8A7BC582DE494AB6114B1C0C9C019E8393540CD20E326B1BC51A8C567E19D47ED17296FE740F0C6CE4F2ECA40031C939F4A7CA2B9E091DD1D4F59BCD46E910CD3CAD31007CA19892700FD6B6ED6556EC0FE15CFDA22C70F98FC0279FA55FB6D5E08187EE885F524561515F63B28B51DCEAADE389D10145C7718A76B7A1D8DE69533A44A92C4A5D59460E40E9F4ACBB7D76DA27F318131E3A66BA0B2BBB7D52D25081D038C156C6706B8DF345DCEEF764B94F43F875A8BEA7E04D35DC2892DE3FB330418004676AFE3B4293EE6BA624D707F0B6E8DB784BCA69615769DA408854B6C3C02C3A8C956C67B0F4AEC5EFD3772D9CFA0AEE49BD51E4BD3465826933555AFE003258923B0A80EA8B9F96276AB5197625C91A21B1479CAA79359BFDA5274FB391EE5A93EDAADF7F00D1C8C5CC8AF9A50A08A69603BD279AA3B8ADF532B93290B4FDC0AD56330F51479ABEB4B958F98B01C0AE33E27452DC78563312E445768EC719DA36BAE4FE2C3F4AEAFCD1EA7F2A82EE2B7BDB592DAE1124864186461D7FC0FBF6A970BA2A33B34CF9F238565090364F3CF6A9E6D2638DD63F355B3C8551C81EF5B1E35D2A1D175F31D9A84B7963591101276F50464924F2A4FE35CC234EF76571279878429DC7B573C934EC7646516AF63A893C391CFA1432B394DB9390B9CFE039AD1D074A10DAFDA44AAC170034649DC3040CE49FEF551B1FB75A69970B76F72B0A27CD1B6D190E081C13939DA471E949E169E747BA8763AC2ED8553D47B63D6B927CDCAF53BA1C9CC9D8EB3C2D1CC9AACAE76EDB780DB89013F3AEE52B907B8DAC33EB9AEB0CD9E0C84FE1505B594569198E32C5739E40E3DB8152851EFF957AB87A7ECE9A52DCF1B155555A9CD1D851281FC24FD69EB339E842D33083BFE94A0A03D09ADF4301CD24BFDF269A2561D4934FDE3FBA2944857A62A6E3B00703AA93F534D322FF74556337BD279B55CA4F316BCC07F86901F723E9557CE356EDED67B81BBEE2F1CB0EA3DA8E504EE002F763F9D2E17FBCD56D6C5235F9B2E71D7A0A63C6149DA00FA0C53E57DCB513CDFE263444E9C81C332893700795CEDC647E07F2AE0A111480233ED61D0FAD777E38F0C4D14F26A567133C3265E7551F70F76FA1EA7DF3EB5E78D1B2B64657F0AE1AC9A934CECA5A4558EBF440B0EE12CE0003019BF841F4AE97C3F636B25EF98992A9F38ED939EFF0089CD70DA442B23832B6727EE815EA9E10D3E47BA49235296B1F127A30C7DDC77EDFE715C714BDB2EA77CE4DD17D0D32ED4D3B8F7ADD9F4C81C2954D858E485383F4F4AA92E90C577DBC8181CE15B83F4FAFE55EBA91E2B8332CAFAB1A4F947A9FC6A59609207292A1561D8D478A3989B085FDA90B9F41520503DE9C020E8297321F295368A5DA28CD2E455731361F0C619F247039AD88EE3318908C007E603FCFA5640255548EFCD4BF6AF2E220E76BA600F43D47F3C56A9685C558DE299665F4A8248F3DBAD4F0C8AE656041C714E5019D47BE6A3634293C203952323A8ACABAF08E8B79279B369F116C632A0A67BF3B7193EE6BA19933861D8D679F116858FF90D69B81EB751FF008D44ECD7BC38B69E850B4F086856732C91D8A2B29CE37B9FD09C574712470C291C31AC6B9C22A8C0FAE2B18789741F3FE6D6F4DC01CE6E93FC6B5E39A39D619A1749236C3A3210430238208EB50A9C56C8A736F76596C19D14745FF0A8572975E59E8CA7F31537DE39E8474A6CB8711CE3AA1048F6EF54842B4315DC4D14AA0F1C1EEBF4AE6658FCB91D1B195241C7B574F1FCB237B93FA63FC6B175D8F65DA4A07122F273D48E3F962B37B8A4B4B9985F1C638F6A50C299914647734CCCC78F5AD3E45DC9771E338E4E3F9D3D354B392548D6E6366660A0039E4F4AF388A394B0091BEE1E80F35D27856C9EE35612C887642BB8EE4C8C9E07D0F53F8528CDB9242E53BC64C43131E3920E3B73552FD952D433004230619E71839FFEB7E02B46653F645FF65BE98AC8D58916330ED8C0CF6FF3F5AEC19A9A55F936AAF27CB24B8664073DAAA7883C47369B35BD8D92BADECEF1B195A22D1C3197C65B039DC54A01C77395C541A7DEF9304713C620902F31A00587A027B571B7DA83D94FAC5F4975B04D7335BCAE146F4F2C948F60C8DDF2291F52A718DC6B8B1B5654E95E1BB3AB0B4E352A5A7B2D4EEA3923F14C3A07DAA4496D6E2CDEF2782120C52CA8621B5BAE5559DBE5CF50339C55C8741BD863B9B31772AE9FE5948155C4443FCAC24C44108192C36A941F29243172472BE14FECC5D623D46E24225BB8A396CA172CEE8CDBFCC0B81F77F7BB88CE3966230B91E8F1CEB3C42455F91D728C0AB075ECC0A92082391EC7B1C8AC2155558A9A155A6E9CDC19CFC56D61ADEDD4EF2C6C2ED655FF004667B70E443D5725867273BB1818DD8E71921F0EC365089FC3EB1E9D7A8AA1420222982E70B22746CE48DDF787AF636ACA5B66B0B6364A82D5A3530796A4288C8F9700F23E5C579B6A7AFEA3AAEB5ABC4FAA4DA7C1A74FE4C490DD7D9D4F2549670A492766403D32715552A2A71E662A74DD4972A3D6F49D446ABA5C37B144CA6404345229564704864208EA1811F85580EAE8EAA59245E406EA3FC456078276C5E14D36133BB4CF02DC33CA7259A4FDE364FD58D74B2C6AC9E6B95464E77678C77E6B76DD894568252F712861C8E38FAD56D7A1F334E4902E5A26C939E80F1FCF14EB49B72EFEEE738F6A9B548DA7D1EF238E2F3A5F258C71EEDBB9C0CA8C8E9C8153D6E0F556392E68E7159FB6403AC8294197FBD27E55ADD7739B5EC5B1A65A3905ADD0ED015432E70074A8AE750B4F0CDB4B786CF16A80799E40C3939C0C2E003D7BB0EFD6B4361C1C100FA9FF000AE7BC6B2471F862E237CEE9991138EA4306FE4A6B05271D51BA577635EC3C69E1CD560C457F1C0FB03347743CA2BED938527E84D54F13CA8340B8B985B741E417470C1830C7041E98F7AF268F119F43515D1699A38F8CB301FAD38E29B7668DA541257B9EAD6A2EFED6119C98B01B7E01DDE9CD72BA82DF43AADF5A30F3126BB0FB790BE5B486424F1C83B994F18F908C93807A097526D3FC3CB791C1248D1C4490A01F2F0A49620B2E40C740735CB2EB371772AEA9736C56EDADD634B7463B6455258B7AF25C003048FA648CF316BD95BAF434C027ED7CBA9ADE18D67C3C7446D3AFDD61953110B79E2CA3F3CB1382A327939C60FAF5ABFA8EA1AF69B6F7975A75D4B71693A2A40776E70250017DC0876705630849380D81EDA961AEC5369E96B2C1A5DD894C69058BA8B6574C6414F3188914B0555C281B875C0C88AFE4B4D22D56DACE0DD6990D1C4F17CD002C4ABCA3F8506DDDB8FCDFDE0194E7CBAF4DD06AAD17BEEBBF5BFA9DB466B117A5596DB3EDD2DE85DB4F17456EB30D65248D2266FF004A8A0648C28214120B31C96240009240DC400692FF00C13A1EA9A8DC5E5B3EF633ECBC85646689DC1CB060AC087E7D70339C1CD55BCD3748D5F52B5B2BE5BCBC2B86F26D8844556DABB9C16123286CFCEA303A1E4115003169771143616F25A3A5B3B5BBDADD1B8420BA9701664014921086030CAF9C9E08EC8D671A2AA565AF91C92A2A559D3A3F896267BEF0EE9F6F6906B9A6CB343982DA1B9B721DC85DC232C240010AC83240EAB9EBCF4D697177AD787AF83C96F3B1631DBCF026D8E41B14E465981C3965C8247CB5C0DB5C5958C423D47C3475794DCB452DFC51A48589E2358D08ED8F2F60C052B8192715EB31449059430C71A46888155106154018000EC057542A29A4E2EE8C250941DA4AC65E972C7716F1CD03F9B0B8CABA10CA47B115A10EB1A60BAFB3B6A16A260706333286FCB35E010092D408275DB2C44C6EA7B303822BA8D2E58CC6B2AA65D7B0E09AC658AB3B58E8585BC6F73ACB95486EA58D240F12B108CA41DCBDB915007524946C8F41CE2A89BB316005F99FA820900FD40A649A9CDE6AE0C08BDC387CFE64015D0709ACD7621F9A531C698E7730C8FA9CD717E32BF5BA3696D14B95CB48EA1B77B29CF4FEF0E0FF004AB482DA691164F3EE245E55A56181F80FA5735AA4EF3EB6CAD80B1A22A28FE1046EC7E6C6B2A8ED135A2AF3467DC40C00207352E9565F6AB9919972630A118F40E58638FA06AB7280474ED57B418B7DB4C222524967019B3C6170578C73C93E9F8D6545DE474E2172C4E8F49BC113F95720C6718CF6FC6B22F742874BD605F3CF8D3D9560458A204C1993712C3A79606EE73919031815D2CD662E218E75210BA062319A65ABCB1BA82C085FD2BD2A94A3523CB238E152509734594B40B5B0BEF10DCDADC69F90AE924179043BE17728B264B85E18641CE4641FCF62E2C2E34ED6A50208E58753B98D619E26F98929C865C7DD511B31393F78601E71882CDFC39ACDBCD63773DAE9BA95CA4125B41B3E49981DACA1D58053B7040C11C6320003B4BCF0ED86A0CB73B1217753E608EDA03E61249258BC6C73F8D797570145FBB25F8B3AE18EAD17CC9FE062D8F875B4ED22E1A6FB55A9F28298AC598CFB403B50153F780F4CA92589E09CE2D94BE569905EB02DAB5ECA44B684BCD72FB642AFF29F9B0AA8F8C9C0C6092739DCF124B71A29B1B3D0AE134F9B5295628E28ED23F2B7EE45DC4E32BC1009C3670300753B1A2F872D3418DFC9267BA90933DDCC3F792B1E4927B0CF38CFE6724D2C1539AB3BDBD582C6D58BBAB5FD114740F0A4C9731DFEACCA592479EDEC94EE481DD8B12C7A3B8CE01C0039C75CD762DD40F6AAF6D20769500398DC2313EBB4371ED861FAD4EE7193EF5D318C63A45591CF29393BC9DD9E01AD31FF00848F57520822FA7E0FFBED56B44B874B80AD9DA7AD49E292ADE36D570A00F317FF00405AAD6C76CC31D6B86AAD5A3D0A2DD933B744474DEC2363FC3CF20FF4A8C7DA1CA00B122743FBD56CFF00E3BC9AAB09B9961410DD3447D02A91FA834F4B096ED8BCB76C720E546F51FF008EB81FA575D39734133CEAD1E59B89FFD9),
 (100004,0xFFD8FFE000104A46494600010200000100010000FFDB004300080606070605080707070909080A0C140D0C0B0B0C1912130F141D1A1F1E1D1A1C1C20242E2720222C231C1C2837292C30313434341F27393D38323C2E333432FFDB0043010909090C0B0C180D0D1832211C213232323232323232323232323232323232323232323232323232323232323232323232323232323232323232323232323232FFC0001108007E008003012200021101031101FFC4001F0000010501010101010100000000000000000102030405060708090A0BFFC400B5100002010303020403050504040000017D01020300041105122131410613516107227114328191A1082342B1C11552D1F02433627282090A161718191A25262728292A3435363738393A434445464748494A535455565758595A636465666768696A737475767778797A838485868788898A92939495969798999AA2A3A4A5A6A7A8A9AAB2B3B4B5B6B7B8B9BAC2C3C4C5C6C7C8C9CAD2D3D4D5D6D7D8D9DAE1E2E3E4E5E6E7E8E9EAF1F2F3F4F5F6F7F8F9FAFFC4001F0100030101010101010101010000000000000102030405060708090A0BFFC400B51100020102040403040705040400010277000102031104052131061241510761711322328108144291A1B1C109233352F0156272D10A162434E125F11718191A262728292A35363738393A434445464748494A535455565758595A636465666768696A737475767778797A82838485868788898A92939495969798999AA2A3A4A5A6A7A8A9AAB2B3B4B5B6B7B8B9BAC2C3C4C5C6C7C8C9CAD2D3D4D5D6D7D8D9DAE2E3E4E5E6E7E8E9EAF2F3F4F5F6F7F8F9FAFFDA000C03010002110311003F00F1912D8E63D8A0108A1F737F10EA7AF7E3F5E2AD69D1472DF47B1D5C0C960A738EDFD7F5AC3D9CD3E3696DE4596191E3914E55D1B041F6228945B4546493D4F60BDB0B1FF844EDDD2245B8DC72C319239EA3AFA7E47DB3E6A04289869E157190E1C8C861C74CFD6A2FF84875616C63FED2BCDDD73E7B67F9D656C250B740303A57361E8CA9A6A4F7675E2B111AAE2E2B646DB35A6E62B32633C02C0F1F5A66FB52A41913716E1838E9E98F5F7CD6411C6476C522AE413E8335D48E23594DA9017EFBEF1F764032BE98C1E7DFF4A85845D9D7F3A9345B3FB45CA33C4D2411B0926007F0023393D39E47D69B2219666DB9EB9E288BBCAC0D6831BC920608040E72C0E4FF004ED439B63BB6A91C1DB9901C1DDC678FEEF1F5E7DA98D11CF3D693C93D855D82C30841FC42A68EC2EA68CC915B4CF18FE258C91F9FE22B66D7C3DF6CB066814C938910E036095DAE5B03FE023F4F5AEB6C9A3B082FACD0ACD1CB6DE6DBCC07C8FB4F38C13CEE0062A1B57B7512D4E0B4FD31E4B9D97161792292A31142CCC3E65CF1919F97777EBE9D436FDB4F6BF93EC36EF6F0222C6A92BE19C8182E739C1246768240CE01EF5D9782756B997C65A7C1758F2E1494B8239DCB139E4E6B908ACA5D5B54593CA1E5B303291C003FC6A55AF729DEC32392D12388657CD590B993776C0C0EB8EB9CF1E9576EEFEC2EAEE67689120F2984491EEE1F1C1E5C91C8C9C96EE3D08A9A8D9DB5A4F776C884B07478D8B7452A4B0F7EA3F2AA691E53E943829BB9509383BEE35141614D90734F48E607253F5148F14C4E427EA2B420BD6DE18D5AFACE1BBB7810DBCCC563769E35C90707AB0C73EB535DF8675B4B89237B23E645133CBE5ECD88111D8E594EDCEC8A438CE5B69EA6BB0D0F4E9F50F05D9DAA5B23C85260ACD26CD8E4BED391D79C71D38C9E86B3BC4579A8E891CBA6BA5DDA35EDA2B4AB677A224917F781048A63DCC06F7057203023D371C9CBDEB15CAD479AC73B1E9BA8416233A3FDA62754B913AABB8D9866C6E46DB8DB1CBB8751B1F382876ADB786F57D448FB0D835C798C36A5A1F349CA87DAA14B16DA0AEEEBB0B286C1201AD6F7B7B61194D3249EDD2581A3B8469D5D642C8F1B1DB8007C923819C91B8E0F353472BA6A30B5A5EDD416B693335A34D71F3C597C875D9F75800A4E3B8F7C555C82F69FA36BAE6E2CADF4DBF927DF99A34B772EB8664C1007F7F2391D463D6ABC50C9015B83940F9D876E471D7AFBFF005AAD2ADD442211CF200AA4CA7ED190CCDC360718CAE1483927079E702C3DEC862553712C81F6B48AF212094051075E42AF03D01C0AB8B4B61EE33CBCE4E0526CC76A6998E7F87F3156F4AF2EE354B74999562DE0B3101B007A824647AD54A4A29B2EC749A642BFD9026553E7CAC6341921801B1B70E38EC339FE2AA619A1690969FCAB62098D09F913782F819F4C93C8FEB5B9A55E4179E2303CC4F262420844F99DB91C9F7001F6C0EF93506BD6E3EDCA6C7CC4401DEE363ED39C0DA0FAF3EDDEB8E33525CCD598E926C78F0D5CC9E24222B713B4D232A29E166DD1E62700818DC4AF5FE59A4D06C2DDEEEF2DE0590DBAC8D24425C798509F94BE380718E95A2FE27D3ED6EAD61B4B3BE9E47B37B567B873B89DAEB1E00E15C2903192BDC00793CF585D49A0DE2DDBCC4C531659901DDB78E07D73CFE3F9906EF766B28DD58CAF12849359C29C0081031C73818FE79AC75500D6F78A2E21B9B98E7B65DC2405BE6FE1E7FF00D75CE8330270A471EA2BAA2F439DA69D9928A5A283408E974CF125B69BA1086582769A197742CA14AEE3B8904E7207DCE3073F374CD33FE126B2975217770D7C4A46B1A310AECA01738049F97965231E87D7359575AEDC4FA3C3A5482D8C302948CB0CBA82E5F233D0E491C6320F354DAFEE9ED24B737AE6396432CC3CE6224638E586704E46738CFE98CE31D6E573CAC97635357D56CB54495C3DCBDCC92866792344057660F0A700E7B0E3159302A4492847742E9B7084FCFCF43CF4C67D7A0A75C34134866B74D99DC5C1915B24B31180AAA00DB818C7504F008034B4B716D7A5A3D415A540424B19700FCA4003201CE063A743F5ABDD912762BC56426D3DE7759CAA3956942E5031059416CF5621B8F404F38AACF0288C30E76F071D056C5CC8E74EBC75BEDAEF247E65BB0FF5A06769DC4F2473C7A64F4159D78A150959E3932EEB940DC85DB86E40E0F38EFD7205166B705D1950C71E7E5E46075AD3D3F4F76C4F16406F9519D95109EF96278E71F5EBC62B2E26DCFCC8B1E0160C73D40C81C03C9E83DCF381CD74FE1BD4EDACACE68B511E7E9EF208E4457DBC1C8DE091C0E71CE3AF51CD4CDE9635495F51BA25C2DA48F23C9B24E5D81E08181B4E31C753DCE7F9EB8BE9B5B84453B049519184D6EB861860DDB86EE327207E18A8351D0069EA64B2265B19371B69E47C33460E5A3239C303C8E99049E49C2E0EF9CCDFEB1A04958005720601C71FD7DEB094649DCDE8F25B96D76F62DDC6A77C6F161B58CCB207C34E572D2488E02B1C70A30807A727AF5198B3471C92394710C830E9BCB7D3927939FEB5B4F32C57B1B2602AAE3038AA53C905F6AC63794AFEEC310A076EFF00CAA61516BA6E77D7C2349352BB8E9A99F70D945193B54FC84F5C75C1FE955BBD695DDBC5992625F2A817078C1154194A310460D75423CAAC793567CF2E6B0CCD04E6928C715666352DE4BA9A58964C201BDC12703038EFD72481F5AD7D2AC45CDA47324B3C57C1805B812B0648FEEE47FB200C7FC048C81D29C5762DAD268ED22904F332A4B212ACA7AED50366549FF7B9C1E3D238E7782D0CA8926E74D8646E63EE17036FA06EE7241F43594D49AB44AA52E59372574741E25D3749D2344D261D26EDA479E259AFD44E595A4D995CAF4CAEE900EE030CF5C9A50B59C5E21469342BA8A2524FD8BCE60E7EF71B88CE3B74FE1F7AADA86B42FED4C022285A5F318EE5C1003051C20E4063C93C9C9EFC5A8DD07885641E25B8DBF303A96D977A025B9C67773FFB3734A9A718D9B0A925277B58AD2C96F24EB2BDBCDE5FEED594360FB804F033C9FBA71C75A8A54325C15811CC6C5B623104A8E3A9E067F2FD6AFA2DBEC782DF5F9E58E4921E268D94001386206EC6C24A8C13D38ED9AE1CABB2C52A4AAAC70C9BB69F523233E9DB3C73550776EE449592B14F4C10B5F0171672DD4211CC91C6FB1800A7E6CE0E36FDEE8471CD5F2237214D8916FBF0B2024846C36109E841C1E0F271C639A6E9CB1417134C6EE4B5654628F1E724ED24A7CBCE091B7D006E6AD5AC9B6CE49A0D69AC9982896DC1902DC0F98953B01191D30DC7CDD477896ACBF3330DE4D3432D945752A5B3105630C4A02BD0819C7723F1A85EE5A5223B865768C1DCE09F9B1D0FD73F4FC691D365CBAAF1D7145B69F39BD8BED1324313FCEC793D39A69A5B95CCED646AC725BAC7B5C167390727391FE48AA167F674D49815691F8E339E49E9FA0A78D36E089842DBBC9058A8392BED91F5FC335378521FB56B4B16CC3F2EFBCF41C0247BD66BDD5CCCEEAB3755AA6B7367578FCE5511DBB0FDD89867920103A8FE1F9BD7D47A8CF2EF2798ECFC80DD01EA05749E30BB71AB490D9C85219235472A792063FC2B993D6B4A0DCA09F439310929B5D7A894BD78A30685EB5B1815A640263902985403C0153CDF34873ED516DC75A4008BF363D8FF002ADB82DAE7FB4E694DAC26781D6436B1A6E8DC8F9B185EABC64E3B5644001957774EF5A7749A7065FB2349B0AFCC2561907278183C8C63D3BD49322D0D3AEB4DB19E29EDA170F71161CB02CA763BAED20F2ACAD938F419ED515D595CDBDBA37D924568E3C3CA88D903273BBB0E84741D0F7E6A553A74919320646F341136EDC4C441C8C640241C1EA3A9E6AA4AB6CCB9F3093C000FD39E73EBF9FB54416F72E6F612181FCA89E144959965FDDBF231B4E4FD40191EF8C53A2B4BE963D42E46981A1898999444D88188600F1CA8186EBC640CE78A8E34B4DDFBD276ED38DAFCE7071F86719F6AB307F66B5A4C2E26944E31E50550C8DD721896047F0F233DF8A6D109B280579EF19D14B2919E074E6ADEC69248B0490141DC4671C9C0FD2A4B39A3B6669212A3E5DB8DD9EB5661085A6B9562B3302138C845CF2C73EA720673D3A6334AC8D96D718A6ED164486454CE1656196EF9238EA7D7B67BF151DB5C49A7DD9BB8B63FC85586304647DD1EF918ACCFED17B2260186C9FE1E98ABB688278DA5C97254FEED4E37023904F6FF001A1A4D59EC384E5197347728BDEB5D5D2B5C2F92F237DEC13C13F5AD8D57C3977A6DA2DE82B3DA3103CD8CE71F5C64633919048ACA754DCC010EA0F071FE707DAB52D3C497B69A25C691849ACE6523CB972C109C7CCA33C37039F615718F2AB2D8539F3EB2DCC8079A76DFD2AB25C2B370AF53472827055AACCC8E43FBC3ED51B54B279666232412338E38FD69E9E5202CDB5C608C31F518CF07A8EBF8739A86C0863E0FE07F955A7B86678F7A41954C02B1A818393CED1C9E7A9E474ED56EE6FECF52558ED344B2B2652599ED5A762460E41F325718EA781DBAD43241088636565048E416079A87249D84DF42C62F5AD5E167856DDAED57689631199402339E9B4063DF6E0E689D6F228AE011A7155387F2E4B77273CFCBB4E4FDFF00E1E98C7F0F19EC2150C1B693C1073C8EBD39F71F95598618A731BDAC3326D5DCE5D83E48C648C01819CF1CFD686E3157D87ADB577FD0AB1EF79085D990AC7E72A06029CF5E338E9DF38C738AB9682E174DBA7885A189B0B20984464F6D9BBE6EFCECFC6ACFF641F33718DE48F61CECC0C36DF5E7807B77C11C75A9E1D1825BCC5E391DFE5F2E40C022FF007B70C1278E9823F1E958BC453D3DE26E8A3A7CB15B9779A2DEAC98C633CE78AA725DCB6BBCC7F28918923A8CD5F30313804B8238DA4100FA7F3ACFBF85C4DE56DC31200FA9ADD49334775B904B6A5A4563D5C92D81C66AC89EE2DA354B796442BCAE0E36FBE7AFEB53DC2F92AA1C0527246481D3AD40D14CA497824506259433290361380DF424E01EF4C572083E5871D7939FCE9FBB9A859CA12083517DA554F2AD57D043A120355D186C6300D66231CD5E8641569E806ACB75757F6F6563BD92D6DA26511F9876339673BF6F4070F8EFC0AB8BA1CCCD697223B2B852017858B0185E30DB707903A8209CF5CF355B4F318605BA56FC51A4818BB8F2C60A73D07FFAEBCDC4D5E49A6672DD15E2D0BED3248F6B696B6C5DD711C0F2154014838DE58E0FB9EFC5695D6877F782592F6F4CD23198C416F1A3543229DF90170158B1DC0100824559B48CF9623627691D33ED56A67DB0000B641E83B71EBFFEBAE59CE529F3458595EE70FAE6957BA7794D7733CD6EC4C7118EF09D80C7B50720F18503A0C85C71C637FC3F626D540962277C4AECA53254FCDF29C67FC9EDCD41A9DC34288658CB8948411039690E476E41EDCE3F3A86D35659CCB1C723A792D850B95057382D9FAE0E3DEB592955A6A13358A6E2CEAC5BC8116436EC141CEC5524FE39AAA523E11A42194004B4BCF4FAFF0085436FA99525D8900678249E3FAD4379AB2C7102D3328672A9F3B65B9FAF41EBFF00D7A8785A7156050E850B8B0305EC2B672C36F14A71B555198B1248F94E3AE40E78FA01C735771BA5E112B869636DC1D581C9EA0823AFD6BA1D6DBED774F1C128DA900864DE03B11BC93F363D48E98E959E7489AE983C93038555CEDEC0607E82BBA94A318DD84ECA36B6A52FB55DB478F3652850A633C6CDDBC8FA6EF9BEBCF5AD1D26D66D59BCA97526B7863448DBAB9F2C1CE0283C85DB9C74E07238A64FE1E9ADC29671CFA2D674B0984FDECE3DAAFDA4671FDDBD488B57D494D94725E0B795E31B98032800F0467B77FA7E19A8FC53A0DA68AF00B5BBFB5A4ABB849E53478C16046093E9FD3A822A07B8633999DC97273B98F7AABA95FB5D4091BBEEF2FEEF03815A2BDB525C5B9F327A76FEB521D3AD16F5FCBCE1CB2A8CB6072C14763FDECFD054DE508F770DF2EEFE2C7DD383C15AA76FAACD6D245246885E22A51981382A723BFAFF009C714ADAB4CDBB7246776ECE4B73B8E4F7EF426CD1DBA1AF63E54BAA5B59CF37D9E392648E49B7022356232DCE0700E7923A7515B134874DD52EED6093ED515A9C19970415C8193B4903A81D4F3C571535EC93485CAA863D719FEA6AC36B578F25D39645374A16511208D58641C6D5C0EA01E9D4035138A96E3D396D6D4EF2D7558BCBDCCF939C1E7915A0BA8195180611EE1B572700E4FBF4FAD798DAEA72DB3875009073C8CFE94BF6F904A5F1064927E6B58DFAB6EE7239E7D7B71D38AC3EAEB9AE435D8EE750B253E6CFE78924DB9525D7E5639C6304E79E49F7FA552B6D3A5CC4F048823460B261C723838C67D706B8C798B85188C0550A310A8F4E4FA9E3AD11CCD11257CB3903EF408DD3EA3FFD75AA85BA94AE8F4994C0B16C2E0B1FE14FF39ACC70566FB4291E6AE3676DB8E87FAD709237992176C027FBA8147E438A75BBFD9EE229C2A398DC3EC9172AD839C11DC55D901DB09238A407CCE7F8B27939ABD16A96D12839E477ED5C247A9CF142B0AAC5B55B703B006CE1475EA7EE8E0F4E7D4D0DA94C7EF331F6CE2A274D4F462DCED6F7598A6842AB9E0E38359D796AA5E448DEF1A557DBB258027196073F3120E0271EA48EC0B72E750973D17F2AD18FC59AAA386332C9CE712AEF04F3D41E0FDE6FCCD552A54E1D089297D9350681BC24C45E7D98ED065F2C7DEC02C073838E71CF381D33C44BE1B590F227FAE460FE954D3C5FAA46230AD10F2D76A6148C0CEEEC7D79FCBD2917C5BA828C7970119C80431C7D3E6E2B77285D58951A96777AF4F5BAFD2E7FFFD9),
 (100005,0xFFD8FFE000104A46494600010200000100010000FFDB004300080606070605080707070909080A0C140D0C0B0B0C1912130F141D1A1F1E1D1A1C1C20242E2720222C231C1C2837292C30313434341F27393D38323C2E333432FFDB0043010909090C0B0C180D0D1832211C213232323232323232323232323232323232323232323232323232323232323232323232323232323232323232323232323232FFC0001108007E008003012200021101031101FFC4001F0000010501010101010100000000000000000102030405060708090A0BFFC400B5100002010303020403050504040000017D01020300041105122131410613516107227114328191A1082342B1C11552D1F02433627282090A161718191A25262728292A3435363738393A434445464748494A535455565758595A636465666768696A737475767778797A838485868788898A92939495969798999AA2A3A4A5A6A7A8A9AAB2B3B4B5B6B7B8B9BAC2C3C4C5C6C7C8C9CAD2D3D4D5D6D7D8D9DAE1E2E3E4E5E6E7E8E9EAF1F2F3F4F5F6F7F8F9FAFFC4001F0100030101010101010101010000000000000102030405060708090A0BFFC400B51100020102040403040705040400010277000102031104052131061241510761711322328108144291A1B1C109233352F0156272D10A162434E125F11718191A262728292A35363738393A434445464748494A535455565758595A636465666768696A737475767778797A82838485868788898A92939495969798999AA2A3A4A5A6A7A8A9AAB2B3B4B5B6B7B8B9BAC2C3C4C5C6C7C8C9CAD2D3D4D5D6D7D8D9DAE2E3E4E5E6E7E8E9EAF2F3F4F5F6F7F8F9FAFFDA000C03010002110311003F00C8F035BA6A9AEA41789C5AC4CF725F2B2BC9BCF53C3291919233F77AFCD5EC8D7891C491431AC71A285445000503A003B0AF9FED7ED92C77329BF46B57B5B75BF9B6994471B1545523182EA3078E461B0D9C8AE97E1E47AADFEA62E3ED371F60B689524DE7723B286091824E4050E4E0703033D41AD68CD7328B576CE0A9CC937176476DAD6A7F6B86F6C2D03A5C5B46652EC3092305DDE58C6492537F1C1F9723A647975ECF3AC51448E123D9229206DC363241C7B9EFD73EC31D278AAE11AEA2D6B4C95B6CAA13CE45CABB8C82AD93C7CA146DDB8604E738AC3D46E74DBD9278ADE1F220F9CC31B8CBE095DBCF3CE42E70738E327A9F3717272A9EF6A97E5DCD6925CB73434779AD7514B52164F37E461190CAB850C0860704004E47D31E83A46839E95E78D71771DEB4B14F299A42CD2CACC015E548DAD8183C8C9079071D3AF69E10B9375A68B53161EDF3E6124670C7729C63BE5BFEF9F7AF6727C6A8AF62FCDAFF002FCD9E6661866FF7A8B6D0FB533C8CF635B06DBDA9BF651E95F40AAA3C8E56647914A20E7A54B0AADC6A0F6B3CCE93FEF16D6389B01A6F94C41F8FBADC83CF7ED82474D7BE1B96CADFCE6756518C8C63AFA565F5B873723DCDFEA95793DA257473896E09002927D2B52CF4E69278E154CC8C4703B52C76C41E3209E98AEDEC2D22B3B48D63E4E3EF1EA735862B15ECD6874E0B0BED9BBEC8B45617B536B226637431B28E3E52318E2B8BB74D1E4B09EEAE34368C2049140BA620C6FBB04B16017EE9EB8C9C0EA6BB2604B6FED59D67E1FD36CAD1EDD212D13A797B5D89F937B3ECF75DCCC79EB9C1C8C5784CFA24636A9078774D4BA8E4B5588C11C8C85E7601A45446C005C6490EB81919C374C64E9FC3B9DE7D12F15E368FC9BD7844665F31576AA03B587046727238249200E83CA3C63AEA6ABE239EE2DA57892351E4B39C6D6001DE028041655EE73803918007A47C238DA2F09DCA3AED717CFB873FDC4E79E79183F8D737B4729DBA2146577A1F3A5CDD34D72AE54BDB44A238D0F4D8A78525428FA91824924F24D7A668967E20FF00840EC6F9FED71B58DDBC5B237009854FCC5D5987DD2ACA07B018C1CD799DAC4925ADC4B34A638E046E486C6F6CED4DC15B9382707190ADC8EB5A1A1F88AF342BCD3AF20BE9658D0E26B524A811EEC9419CA956049CF6604E3804909DAFE66728291D5C5ABB5BE917561B5DA09E00B0C60281136EC95E7D771C9E4E7001E335833DC5BC9613ADBA88DE26061F287CC0F0CC49CE77602E7B7A74E27F14EA9632EB92EA3A5DB4C904AC6530DDAE7793C175F40587A9E41E98C0CED311F52BC8ACEC1C86BB5895D1FE58C4A5FCB52D8273C367380465863B9E4E4949A4DDEDB1518A4F4EA57B313DB5D43FBD88B22A3850CAE082173C72A4804641EC083D315DCFC2CB29350D77539303ECF15B00583FCAAECC36803D308DF97B8AE4BC43A96FD4AF1220F6D6DB95459ABBF97038072A14E318667ED8049C0C135DF785AF1B46D6348D334AB732DBDF450C9732AC5B0B3F94EE41DC4F449217215B030768CB915D5434A9CCBA11349AB33D3AC347B4864496493CC700109B78CFF5A44D32C9A5927CACA1DDF1B4F0A41208E3B8391ED591E2CD7FFE11ED3E2C7FADBA8E508E1BE68D82F0D8C608C919E47E3D2BCFBC27E26D4A2F10D95B09A4B88EF2E09962057E62E06E73C6EC8C06E7B03D326BAE78C92A9CB7DC85469249729EB973A8E9BA0D889AE9520B64214BAC4CDB49E013807F33FD68B6D56DB59D156FAC479C928DA63232C8D8E55876233CFF008115E61F1166B97D7E15977B5BA2058E3DBF29E0B31FBDC9E00CE074C7BD5CF86BE2494788AE34F9AE21B7D39A00D040CDB4248CE3622E4F5219B8EA7F9F3FD65BAD6E86BA5B956875874CB8B79956450BBBA1CE78FC2B6A2570AAA32C0773525F3AABE09C7BE3AD63F896EEE345F0F5CEA50E374415BE7CE06580C1FCEBD19D475229C8E6A54E345B513737ED5C362BCC7C79AADFE9DAE3C9149241E65A84B7961C8DC3706604F50410C4E33C6C071934B1F8CAF2EBC391C88DB2E84643CEC170CC38040E9C9EB9C7A0EA2BCFB53D50DCDE096F5E5DC54B09865989C1DB827A8E9C67B751D472D55CB1F75EA68EB736962B5CAC3AB5EAB5BC71DAAC8EABE519F7B3484F4180085EDC924027935EDFF0818378426611AC67ED5B5914838658A35278E84952C7DCFE35E071C51DCC62577461C37523041E83381D00FCFF000AF70F821279BE0DBE6C01FF0013293A0C0FF571FA71F9572C1B72D4DA9E8EC79D43E1C5B2D29211179B384905CB4530468F7604836953D1576F6EA475CE39DD67C2B75A6DE131DCC4D960B1C65C965078EBB40F5C13827B80D951DDA492CD221BC33492AF122F983A83CAE064E70B807A8DA7039A2092616B23247221597225C72080586CFA000F181C0079C1AF0E9E2EA42F7D4E9704CE017C37A8C70AB4F08550E8B2EF60A029270D91D86D39E8471C1EB5A3168D35A34977044CAF6C11523494C64E1810E1B9DB9619E0F5DD8C0033D5ACD6F6D030690A260FEED55614040032586718208C01CE7EB51DB4BE4AC92BB196E09DC19B6B383F2AECC918DB800E3B60823A62DE2EA6E4F22387BFD2E4B5D60CB216BB4370C4C770099245565C924101B39FE06CE01271D6BB5F03A6A9A4F8B2C74E44B48E0F397CDF2AE3E67CC6C595C2FDF299DB82BB55A3382BF3930AC96ED2C72473B3BC6C65562BBC4AC46D2CC597938E99C76CEE34BAA586F89E78CFEF9ADDD0C809DC37E173BC63839E413DC83D4E758639C6718D84E9ADCD2F8B1AADD41AECB6D3992389628DAD5525C237505CAF393CC8BD076E78E798D32C6FB48F1069571697C968D713794EAD2144560C0EC90819DAD827BAE003E956AF835D6ED43529AE2E6494195E790EC31BE47DC00903681C12467206D0179CFD4231A8DA45269F7023BB689BC88D063CCDC400A0601CE38EB8F99781CE7B61539AAE9B771422AEDB2D6A56D731DBDEAB99A6B88E4C2DCA832473A6D2EE738CEEC61C1E3E5563D6A968C26B8F14D8882FCEF3209DAEAE820F2F07CC691816C301F330C9E40ED9C0D1D3BC410EB36C90DC2037114452557246136953B0820A8F988C023A8E0818A65BE8F890452089AD92D40446FDEED001391924A066258E0F57E300E6B3955852935214A9EBEE9EE560F6AF616E21B8FB6A2204598C9E617DBC125875391CFBE6B87F166BADAADD3436B72DF638BE4DAADF2CAD9CE71DC741DC719EF55AF35D49B47B1D3ACED12DADFCB266823DAA81DB246781D3EF6067249EEB9ACAB78C7D95A475CBAB15D847DD3DFDBBF6F4AF42962E9D4D23BD8E6AF19AD16C410CA625C3A0741F7B7743FE79AC0D7EF2C23B0934F82CC899F6BEE915895E9CA93CFF00081DBAD74F6F710A5B2F2564DD8271B81FCB208FF27150CB6B677DB8DC5B2DC280D1C60805B711EA3A74CF6E067B1AE6962E9A8B9730A14649ABA3CD54C4AE510E1F712EE1B6A7032319E79C1F4E481F5F7EF81EECFE0BBC2CE5C8D41941231C08A2007E4057905FF84EE911A48648A4FB89129C866619C8E9818C67E6C0C11DEBD87E09DBB5BF832ED5811BB5073C823FE59C608F7C1047D41ABA538CA5A33A22AC7251D9F9AEB24A891C1E4ED0EE570D945D99DD807390703079FA956AAC3259186E4DBF9D188E20DB98F9BB58B65C86EB8278073C2803A5410AB5BB049123C1DCBB5894C8CA8382780709838C7018139A8AF615BAD36D9CCC0CEEA30378DA17E6F6FAA9073839ED5F3F1DBC8EA20BB95BEC8AAB1491EC1826405C9E7A104E00C11DB9E87D065DC34B748659586D24203C12401E9F80E7BE3BE38DCBE8DA6B68BE7FDD30042ECDA1464A803D46147E447383546DAD5CBEC42CCAC06039CE7E9FAFAD6918F2ABBDC8776C7E9506A123C6E8F19C7CA430FBCA782B8E38E49AEF2CBC0573A9223C970638994678030016C0C74EFD71D857331BDDDBA33A8575403240C6D04E3D31DF1CF7F4AB775E2DD5ACB4F9AF2DA5FDCA17CAEE05F62AEE638E7F307B1AE8A2A9A97335A89C664FF117C2EDA5F86C0B3BBB395D5B74C933A46C554160154E77166C00073965C0F4F2A5BF48F4B965B789A291665019DC006360DB8B7FB5BBCB3C63238E70319D25E6ABADDD4D2CD335F4EE7CD0376E0EC54B100700B739C727231EC7A5B1B58AC74CB4484C9BB51B75765B784CAE09273C061F2E0E3A1FBA7A9E6BBABCA105CABC8F4F0551D2E572D1D9DADD3CFF000FB97CCCEB5D42E26D5E597877224F365914AE0A062101CFCC4855392012CD8F73D05825D4EE66BA92DD2D6467575500927032718F43D31C9C73D71832E99AE4B6E97563242B0E542379E1772B671F33103829B769C367071C8ACCB4D9637116B13DC2B44B711C5244C7FD230F1E59D509F99541C062C01257D4E33AB4556BB5BAFBCC275D28FB38A4EFAB765BF5B3DD25E47A44D2CCEB112EA09713468A32840380320EEDB953CF7393D7A0C939B010BB80ABC1121DAC0E327681D47BFBE3BD164925CDB79D748F1845DB0331C6075E411EA41CE47E39E74A2FF477C5BC9BE28943BED50C1860E0804E4F4E40C8E30706B8692518DCC6AD2709B8CBA188BA65CBC6816ED80E8B9CE075F973F9D235BDC5B24A5DA07F3B95DF9DC3079F6E3E9D8574CD0C730F2B6C61CA6E1240719CF3F377249EDEA71C1E2B22FE078672C6264407066453E5939EBCF29DB8CF7ED5AD4A51B6C66D5919F1EAC627912563333C2AB2965C75EA38F6207A7F5F5EF876DFF120B88B614F2AE99307AFDD43CFBF3CFBE6BC5E78E4B89D22B61B55B748F2003088A32C7E6201E0F723F0CD7AEFC292EDE149CC8ACAFF006C70CAC082182A06E0FB835A60E972D4535B3B92DDCF34B0C3DDDB7FA4204899177338042EE3F773D79FC79F4AB96A82F2E26FB3891DA0F2C3B066FB9FDEE06D04B73DFAFE7141730E946E1A17932E1DA32EA48398C467E4040E58B004FBE7A106B452CBB842932309A68E595A06397700B30209F9BEEF407B0E8722BCF93EA8D36D0B3637325E5CB3C9229494BBB33E06C38EE0E06E3B477C1FCF0B06C6F2FCC93CB98F0C392557039E831C7E3D7352DB4D16C792D9F10A26E7592655E1B0AC060E075C72319E49C8C550BD6173901C0DDF2EF6F9769EB904F7C03D4F278AD6872C9FBC26EC6DBDC594F159BA4AF2B44C1AE0B2AFCA41C3600E0718E3E6C9EDF28AD6834B82EB4D96C67B5184FDDB16FF0096A480595BD0839C8E472304F207316096F0DBB44D22C310DACAC768DC320900B29EBC1F4C6727151C734B79FBB8E698BB4AC61CB139739E83800E79F41BBA0C574C6B2BEDA2062695E0FD3AC5E4B77D306E8DD73E5CCFC90EADCEEC81C2E415C1C0DA4E5B15767B482080E9F1E85235BDBBA2A4BE6B6DDB82B9E149E06D1839C9E4E48CD680D0255D191A39668AF85BBACC1642E667676C0E580002AA64703E6E32460E44BE1DD65497B39BC96C641693A920FA1E0648FAF3F5ABA8E6E5770BFDE2D65D761B71A0DBAC3E4CBA4979B51FDE4CC2560B11440557391F365981208CEE2727268B79F4EF0C6AD62C9A65A49676E7CEB884C6AF26F481F3F3632CC8559874C64F73CC315CBDBD993761A3BB452AC5B0559865491CF2789064EE19FA9C66C69656BABCB70020BF94FEFA40EC0483703D3A0FBA3A0E83359C714ED2F77BFDE1B58DED47C41757B7D7B78F0B40ED233456D1216DC9B1B966078C1C31047F08E3AD2C772D1C8AB18323655D42A672064120E38E32383DC8EFC578825C69F97BC51E73B1388C643B13C0DB8C6400A0118F9F279154A289F5260AB6EEA1DD111D8B04E481D78CFF000FBE3AF615C295FC8D2A5494DDD97D6F56E638A2B6942A32A0752A4648C6E7C8C9C90549C91C81D7356D2E6CA59A5F3E058891DC121B3EBFDDE71CFB563DAC7B6E09DB112543EDE171C703239C60631ED5AD0DCE5959E3DC8CDB816E3AF18CF5F5EB5DF49EB633B90EA5A75B881E692282E235C64B0720630D8254AE72005F6049EB823D1BE19DBADAF86258914AA8BA6C67BFC88335C766DE5B5956397CA9146406638C64F7FAE78EF8F4E6BBBF014B24BA14E25C174BA752CA410DF2AF2315DD456A4C8F13BBB9687122C510DCCA110B8608B8CE08FE2C16392DF5EF526937515BB41797C2296257DCEB24B9CEEE99032C4743CF073D31934CBBD1AF21B1B6BD9BC8749CB14549033A676B0620723391CE481DF1C0356D6395AF2CD951CC56928B995803B7686E090A18E01C138C939181D2BC68C6152364F46F72E4E517AA35EC8BDEC3E65A2A950EB2469B38898606D25892A32EBCF6E7B8CD4B2A0BBBE9BCE616F179C3CF0D9C47B38C803381EC3DB9151C36373A7AC924966CB6F34D25C40D195204684B6769C7CBB42E385CEEEFC2D4F77E545A8DC359B110C81CEC6524A80E4E3A13B7200EBD4027BD42BF3350775B2FF870E9763008669A71088A2B611F463F3004E727E61F370071E94C5B751A6DF79EACAD321FB202ABF3B82401F3646D249CF3D14FE32B3B0CBC90C65320796CE0094170A30783C9DC738E30BC0148934571756B0FCF3344E720C3F750E32321768E493DBA7D2A6151AB5C52D136545B6D382C6F35BDCB4E6125D523B6DA2520321076F0B80D9CE48240E4F5A92E9B672CD70D1DA5C18DB749032C30671F2EDDF81C633212BC1385AD18E3CC739257CF0A0011C6591DDBEE001B9C1FC0E3DCE2A780451C6ECEB189C3FDE28CAA0AED6195ED9EA40F4C679CD76BC4768FE02712B5BC8F14D30C4A21B511A5A894AB1560A178DA002010307032393D4D54B2BDD261F10F946659A4556912DD4068D1F602E14676B1DA577648EFDC71B5ABDBE94D2DAB5B49731CAECC8DF688444A1483B4E013C81C17E4646718E94347B1885D48925BDAC6E229E64BD50725CB22244E5506EC2894EE60C37654600F9B29249CDEDA7A22923434F5B8BB67B86118B963B9766172AA80B73CE01070081C640E326A0BDFB3D937DA2387ECD12C84BB46781BD57E6031919FC471EE2A6B11647CCBBB71F240CB198F6E408F70250FFB59CF43CE318F9B151DF624B1C3416F3C68E85E341B0305C2950C4E7A0208C1EBDF8AE78BBC92D86F632E4BFB55816EA38E5C64A6554ED77039E0F7F982E3D0024735AF63A9457168248F0411C2A819E9DBD4FB77AC086375B75965B1DC9E73E2DD63E0AEDD84903905723A9CE581C9E6A4837C76218AF94C599BCB720301938E401D33D877E82BB6318455D3EA67A9D2DD496CBA6B5C4910544F907963393D703F0FF23B7A27C3D7597C3F33A9255AE5882463236276ED5E63637D79A604BBB677331C97C301BD4F2BF7B80015182304EE3CF3CFA57C38677D02EE470F992F64932EC189DC15BEF0E1BAE33DF19AECC2CA2DAD75D424CE87FB0F48E3FE25563C0C7FC7BA74FCA98FE1ED12560D268FA7B91D0B5B21C7E95A545777247B10513A2E945958E99645913CB52605CAAFF7471D3DA9BFD85A410A3FB2AC70BF747D9D38FA715A1451CB1EC066FF00C23BA21428746D3F692491F654C1CE33DBD87E429C341D183161A4D8063D4FD9933D73E9EB5A1451CB1EC0668F0F688195868FA7865C60FD993231D3B529D03462003A4D81031806D938C671DBDCFE66B468A3963D80A12687A44A00934AB17032406B7438C9C9EDEB4DFEC0D1B695FEC9B0DA7A8FB3260FE95A3451C91EC067A685A447BB669562BBFEF62DD06EE08E78F427F334ABA1E90BF774BB21D7A5BA77EBDAAFD1472C7B019A3C3DA22B6E5D1F4F0704645B274231E9E947FC23DA2E31FD8FA7F423FE3D93A118F4F4AD2A29F2AEC0501A1E90A3034BB2000C605BA74F4E9562D6CAD6C6368ED2DA1B7466DCCB1461013803240EF8007E153D1459200A28A298051451400514514005145140051451400514514005145140051451401FFFD9),
 (100006,0xFFD8FFE000104A46494600010200000100010000FFDB004300080606070605080707070909080A0C140D0C0B0B0C1912130F141D1A1F1E1D1A1C1C20242E2720222C231C1C2837292C30313434341F27393D38323C2E333432FFDB0043010909090C0B0C180D0D1832211C213232323232323232323232323232323232323232323232323232323232323232323232323232323232323232323232323232FFC0001108007E008003012200021101031101FFC4001F0000010501010101010100000000000000000102030405060708090A0BFFC400B5100002010303020403050504040000017D01020300041105122131410613516107227114328191A1082342B1C11552D1F02433627282090A161718191A25262728292A3435363738393A434445464748494A535455565758595A636465666768696A737475767778797A838485868788898A92939495969798999AA2A3A4A5A6A7A8A9AAB2B3B4B5B6B7B8B9BAC2C3C4C5C6C7C8C9CAD2D3D4D5D6D7D8D9DAE1E2E3E4E5E6E7E8E9EAF1F2F3F4F5F6F7F8F9FAFFC4001F0100030101010101010101010000000000000102030405060708090A0BFFC400B51100020102040403040705040400010277000102031104052131061241510761711322328108144291A1B1C109233352F0156272D10A162434E125F11718191A262728292A35363738393A434445464748494A535455565758595A636465666768696A737475767778797A82838485868788898A92939495969798999AA2A3A4A5A6A7A8A9AAB2B3B4B5B6B7B8B9BAC2C3C4C5C6C7C8C9CAD2D3D4D5D6D7D8D9DAE2E3E4E5E6E7E8E9EAF2F3F4F5F6F7F8F9FAFFDA000C03010002110311003F00F30D456D9BC39A52258B5B5EDAE56EE495163330973244402DB9C6C19CE00C15F504AE976319F14C3672E8D7B78B0B9F3AC10959A431A92EA78CAF2A490395191D466A39747BCD2749D235B90C2D15FB48F6EACA1F1E53853B94820827B1E08EB5D4C5A459DADA0B5BDB058EF605F2DC1453B6418041E3D9B3C9C9C56F460EA5EC6729F2AB1C85BD9CF71A7DE5C43034A9018F7C8AB9F290E7923B0C81CE303A64646698557E9F3373F80ADCBCD281BD9043137918254845183CE063774E064F6C9E0E0656C6C3CB8255B8863DFBB2A580634D51771BAB74BC8C65E138E475391FD71D39A9616F9F3B873C803804E0FA569AD9C42569BF74EAF14B18523E40C636452067A862083EA3383D0EB48F69158471C26D73F6644B8592D53E6209DEC090C54E0F0CB8E7B77ACDA92E8CAD34B35FD7C8C5B4661B0905B071C724F7CFD2BA0B172EC42A8049271EBDF191D39229E750D2D2D9D6DF4DB31B1C00AF6E0994861862C72CB8C03F29DA79F9473546EAF34CBBBA32A6EB58DCC61CC4BB768C0DD88CB73D0F19C74E4669DE517AAD3E7FE5FA894A2D69FD7E26DC8AD7B1F986275DA7CC3E60C639F61F8FD326B3AEA278ED54799BBF842B63E5C7247A7618FA9A2C350B4B5D4232F2DC5C5BA48CC3CD030CB9E0942C4038C7193823A9ABA75F890C485D4C7BA42EAF6D1B2E36E410A3A9C9C05C8C051F7B914DCA4937CAFEE292525A35FD7F5D8C499486076A1DF9390739E7F0E3FC7D7158D704F2B9181F313D09238E7FCFA57490DDD91B3920961CCEB6F2A99BCB1F7C85F2F0776D3B48393B470D8C74230EC2D71B9E79779538203120AE3B83D6A20E73DE2D7A84A2A1BB5F2D4CE6CF2189C0E0718EB5115C9033D7D7AD6F5A5B42F333C91C655464EE51824D3E46D222731CC304E1B02318C64E71C1ED8FC735B7B17BDCC79CE75C13D32171C67D68C80D9C8271915D35CC9A1DC5848B671BB5C2C5924C202A9C313CE38E8B8FC6B98078CFAD6738F2BB16B5572EDD5FC226B58ADC497761698110B90D199392EFB9164608096DA769190A0F049AE8E3B0D56E521BE9218AF8DEA21125C4D216DE509666218609D8E72DC1C1C64838E72E76BE8D622321D903190B3A6E1B99B08AA096DA047B8E40C17E98652DD45B7DB3FB26D03082481A34750080EA52324A9E4603640F738F7C2D795D81EE97730208E633233194A8604E20949C7FDF15B9141E622B2870AC0F0CA411CE390791507DB2E21C16B5BAC0F5287FF67AD486E77A3931952080AAE413C9E49E718FC7A0FC2B7A6ACCCA775B9816B1BC7A9DC5BC582155828650700FD7FDEEBD475E314B73198E42B9248C6707B53356D54586A8275B59046AC63F380F9646001201EE4075CFA647A8AA675F81A3DBE4367D481FE3439C5683F78906519541C0527FCFEB4F8E2C32799247123EE2ACF9C71EA00240CF19C63AF3C1AA92EAB14A495808E7D6A7B4D4E3B2BB86F76FEF0C522AA6338F98609FD69C6516F722A394568B51623E66DC1E194019E0771DFDC7E952B6E41087578E494175591700A638208CE4FB1C1E454FA0AC37BA9AC7380FE68638620962173F874C9AA7A93DD69BAC471C91B6CB77263DC08DCA7BAE7A8E383ED5A72B50537B18BAADD4F66B74AE4DBCED619EBC508711103A9EB5987512A3FD5FEB525B5FB4B205F28ED2705BB03C91FC8D66AA44E9E566AC4711B2FA9A619A7B1BC379673CB6D75122F973C575E4BAE7786C01F31C8E383C77EB446E33CD4CF631CE1EE64168E6311848A78E663272D90A63040EA09CE3A0C1EC5D4BB8D90474773255D6492491FCC92EA466632997391B1CB64119249DA7391D0F5CF1448EA72BFA66B492DFCA00FD9220645790BAC7206870B22F97CE01CE55BF8BF8790770ACE1C93CE7D315CCD34B5344EE5CB9D2D2D742D3B525B92E6EE49A368F6102331EDE8D9F9B21C1E98190324E40EA2D6E236D334EB679638EDD6349266DB96DEBB8AFF0E08F9802B9E776481DF939534D7B18DE17BD17C5FF00791C9B5A329B792AC3041DC09C60F0E067E5CB6FE9D6B25A5A585E62758A56958B407E7388D32579C2F6CE57A13C9E8B9D49DA2EDA7FC31B528A72D493131449DE2B7487237B24E58819C1C0D8013F88AAA9332DE2B21664702321B19523A727AF7A482EB3108243D01DC40E0B67B0EDD4753D73F83448B1A3C22523700C0671B5B39033EFFD2BA23AEA6351452B2DCEAFC0BE21D3F4B8B534D5AFAD225FB6473C315CAFCC300066180483B7007D08E39AF3AB6D4CC786305A2CA814093EC71BEF0BE5ED52ADF20C797CB05DCDB9C3160C6A2D4C07D4E760B8DCD923DF1CD42895CEA9F2CA4FBB2DCAF14BB1B3A8EA3A65EE996505A68C965736E823926590B79CA19C863D30C778DC4E73B576EC0369CD48CBBA8CF27E519EC3FC934A89532A7D47D2B4466CD883489EDB42BABA86459648E6FDE08C72916D3873DC753D33EBDAA09A5B5BED14CF324A2E967628C08265561C9638E482BEDD4E3DA9BB7EE9431CF1839FAD4D7170971656E0B93320D8463A2A8C2E7F0C01F4AEE9548F2596D6385425CCAFBDCC991692D78BA43EF56D6DA4988DAA76F77DA4851C649C02703229B1D935C6A296B6C8F2C8780B1F5638CE060E7B57128BDCEEBAD8D047F4AD5B49485C66B0E1C46EB905917B16393EBCD5DB69FCA64C7CC4F079E95D0A4438DD5CD0BBC7D9A6E7036139C74E0D72D8FBDCF5F4AE9EE496B49885E3CB6E7F0AE640F5FAE3D6B1ACF543A5B1AF797725DF86747B49248D61B48E668C38724C8F28DC83E50A3036B632463396C9082CC174A9A6DBC123453AC4C59215DFB8968D47D0286033C83C0E83AE14901862825DA57CE8C9193F786E2323DB231F506B4F4B2657FDEA94650855D4FA118F624FCA2B9E71E65A9D545A52B5B709095C602E5570C73DC0EFEFDFFA76A7496F26E575E1872C003F37B54976A66118313819FBA3686DBEF838FF003D38A48A746C110A249D485FE1FD3D39E3D6B4A52B47426BC3965A231AF407BC91979071D7E829891D5ABF502FE5C72320E7D78A620A7BB31E82AA55A82189A398C921465406350B9DEDB80C67B7049CFB63BD46A2A6414C571218216B94F3F1B0E5727B13D0FE069B7611A5574DA731A8257BE063F0A9D9722A5B7816DD4DE5C875411B3C214E1A47CED1B79CE031CE7FD922B585E4B90C6768BE77F71662D3FEC16E87539E644961936DB8249070C5548FE10C48CE30464F4EA39FB0B87B5BE49E20EB32AB14D8D86562A70791D89CFE1DAB56FAFA5D474497529E2DAD1C91DB26D380C7966E39E718EC071EC73492D6586DA379D01927C04C2F6F51FCAB6AD08DD726C919509CA29B96EDD8AEB8E9B8F19CF38A724AE24475076E7E9ED4D930230A07D4F4E28898E0B1E83918E95823A99ACF2992C655CE0EDEBD6B14F249C715623BA2B198B2C5CF0DF8D3427427A6338F5AC6B3D5174E3A135E5DDB3DB88ACA3BCB78DDF74D1C9701D1F682233B551406552D963924B13C64E6ED9841129D8A1F6AE0739C7427DBA8E7BE4FA1AC227009070A06726BB4D1CE8C6DA17D51EF9A33143E5A5A2A838CAEFC963C6141C003938C918E738C924EE69AA9268CF9A1BA9277002A32364103863DB91FFD7A845BCECD14862E642418CFF093CE7F1AD0F3AC8C0DBE4BD131B7EA082BE707E38EBB3CBE3D4373D38A4D667D2B16C7469B5404C7FE909785787E3942A791D7820741D738170A914AC90AA294A5CCD9CFEA29E4EA12C64E7691FC8542AF5D06921AE63984A8F387B85450FF00322B951B5882704E70391D09ED5CA472FC8BCF6AA6BA99269B6BB1A0927356A371592B2FBD588E6F7A2E368D16718A8DDF7AAFCABF20C02146719CF3EB558CFC75A60B928D90D8CF078CD5C256644A374599EFAE67B3B7D3A4957ECF0FCA8AAA1464F738EA793CFD7D4E6EEAF76B25D595917F35ED9042488C80001C0F53EFD8F6AC4BD9E296E1DA15D8871819F6E69F15CDC6A5A9C3E749E639CAE5973C727A0FA9AB9556D4A37DFF00222149294656B5B5F996275024DDF21CF5D9D3393D07F89FF0AAD248CED803E5E9D339ABD71048B8591E22C00CAA8208E3EB4CB7D32E6E866DEDA4932769F2C16E48271F9293F81A849A56369352774575541F3EECE7A8031939A94A15078E33C0EF9E29FF0064785C12854800E09EC7907F2A19FA838E4D736225668DE846E99CD1964C60BB63EB5DB69B3588D3E25BE5941FB346B16D94A639C96E15BD8723A67BE2B86AEBB49BBBAB9D2DADC5E4705BFEE52584B3013007E525464B6D2C4F1CFA0A6D27A32355AA12FA58CC8A96C182C60AB38919BCD3B890DC818E0818C0E99EF59CED393C349F99AD7BD79BCA526E7CD46241DA64C6324A83B874EA47D79E6A8669460903936476DE24D634A47B5B5BC68E12FE618DE35701F03E60181C1F957A7A0F4AC957C0C7A5497914AF76E5637238E4293DAA0F266FF9E527FDF26AC9D09449522CB512DB5CB74B794FD10D7A37872CFE1D476890F8A0DD35E497330F3B4E8EE3CA8A25C6C2FBD437CC73B768271B7760E69EA0703E6FBD31A5AF48B8D3FE1747AB2C56F7D7EF698B60B2CF1CC01F9E5170CC0203F7047B768FBECB91B77E30A5B2F0832E9A6D65BBDEB0C0BAA4772B20DCEE23F30DB6C438287CCCF99C74DA1A8B81C7B3D496B22ADD296CE307A1C60E0E0D743A85A786ADF419E4B798CD7F25BDB181479CA61936C7F68593747B59B76ED801DBB4B92D908A71E3B782EEEED96D6DAE5242009606018602282E1CFF0079B79DA570A368CB67800DD885B889233731344ACC63F9F73B9639071D73824631D6AA5D426219008C91D7DCE2A78F513144C6063F300A01FBA8727B678E3A0F6A49C9BA9370995A342554F462D8CE707DB23F3AD935B19D990C6D629A7C934F7645C024A402363B80C7F1631C82C79231B3A1DD95CB7D4EDD98E2270B9E0E79A96E01586653D94FF2AC4AC2AC137766F4EA34AC82BA9B885208AD023265ED2272AA0F04A8E0FBF7FC7D6B95AEE5900160BE45A4EC6CEDA63F689CC78554E53EFA8C30C640E780411939444BA196154B81E62819FBDCE075F6CF6FD47BE1591557226463E8037F5150EEA37531D8D6B3556B54E0679FE750DCDFC503483CA72C87B2120F19E08FC07E23DEA6B32059AB1C700F27EB56AFF52B8874E92EC3466068E18E31BB93F28DFD08C904007238CF6E2BA20B99A8DEC734DF2A72B5F5B7DE47A7EB115CCAF6F1DBCAEE8A5888A1772303249007600FE029F79796D3C0D3059B6C6763FF00A3C80063CE09C6071CD62E8FAA5F59DDDDAE976B35C33D9FD9D9901C856396047CC31C91C63A03C1CE6CCFFDAB3DBDCDB43E1BBB569AE5AE1D9626395006170A8000A039C803EF74E0561EDEDA3B1B7B38DF565EBBB8B04B132DDC13F9F2266345B77548D4A860C33B4E3E6E09C8C01D7AD548E6B3489545C027A60E7FC3D6A3BABED564D30C575A15C811406213B4454AC61555771D833B42FEA6B39766E188C8E7FBDFFD6A984D5AC9DC1453D4E8A29A278DA48F6BA9E33804861D0FB5528034538B9624AC44A191CE0960B81F5CFAF3C1AA567732C13C42267442DF3A641057A13EBF90AB91BCB358DC6EB8090E4B795B01032C7BFF009EB5A27706AC4D61046EE91B851E600CC03127F8B2DD78FE1E47F855EBAB6B795CA3ED575C0491301B1C823D71DBF1AA136A0E8E3CBE426DC820E49C8C633CFE678E793815AF729A734B2CA3532E11418C25B9CC9CE082091823AF7E318CF22AEE92B2159B77398D52D1E08DD8B6F528DC91CE71EDED5CD574BA8CA5A097E666528786CF1C573559CDDD9710AD09B501731C3E63481E38963FB8A46146075F602BDEFE0BC9A7DFB6A5F62D322B3105BD9C7721E469BED120136E9067EE163B7819031EF91EAB7162CC13ECC2CE322405BCCB6DF94EE061860FBF3F435051F151B8882360B96FE13B100FC78A962B8B2D9FBD371BF3FC091E31F97D6BED7FB25B7FCFBC5FF7C0AC5F185B5BAF8275E658220469D70410838FDDB50B407AAB1F2A41AE5843047034575242A40700A2332E7900E08071900E0E3D0D66DD6A2B32A2C712A0524B7FB796272467AE3038C0C01EE4E9BDCDABD9CB1FD851276688A4A92361555195C6D24E4B92AC4E782A40001C0D5927B6BA86F67B1B31656ADBB65B895A4D9F201F79B93DCFE34393BA6118E8E3F338C82E6E2DA4678279222DD4A31527F2ABF6FADDEA0759750BB0AC31C3B367FF001E1EA6A5A2A5C53DD0D3B3BA1D3EB2B346C8D737CE186D20B9008F42375677DA3E7E6E27DB8F53CFEB57E8A23051D8B95472DD2FBADF915EDEEBCBEB2339DD95CE491C63F2E4D5E9F51B7461E5ADC089802770C60E73FD2A1A4AA57464D5D88FA9C193B559F24E72B8FE2041E0E7D78F5ADDB4F1AB5A463ECB05BA48AEAEAEF6F1BB2B0239058123A7AD6253E1312CF199D1DE10C0BA2385665CF20120E0E3BE0FD0D2925256635A6C365D5A2367736E51C8970576BF018742473900161D8F3D7B562D7546FB4E6D35E13A422DD942AB7293B80A7F7586D84904E125CF3826638002A8AAB792C53DDCB2410A431163B1101000CF030598F4F527EA7AD55DBDC491FFD9),
 (100007,0xFFD8FFE000104A46494600010200000100010000FFDB004300080606070605080707070909080A0C140D0C0B0B0C1912130F141D1A1F1E1D1A1C1C20242E2720222C231C1C2837292C30313434341F27393D38323C2E333432FFDB0043010909090C0B0C180D0D1832211C213232323232323232323232323232323232323232323232323232323232323232323232323232323232323232323232323232FFC0001108007E008003012200021101031101FFC4001F0000010501010101010100000000000000000102030405060708090A0BFFC400B5100002010303020403050504040000017D01020300041105122131410613516107227114328191A1082342B1C11552D1F02433627282090A161718191A25262728292A3435363738393A434445464748494A535455565758595A636465666768696A737475767778797A838485868788898A92939495969798999AA2A3A4A5A6A7A8A9AAB2B3B4B5B6B7B8B9BAC2C3C4C5C6C7C8C9CAD2D3D4D5D6D7D8D9DAE1E2E3E4E5E6E7E8E9EAF1F2F3F4F5F6F7F8F9FAFFC4001F0100030101010101010101010000000000000102030405060708090A0BFFC400B51100020102040403040705040400010277000102031104052131061241510761711322328108144291A1B1C109233352F0156272D10A162434E125F11718191A262728292A35363738393A434445464748494A535455565758595A636465666768696A737475767778797A82838485868788898A92939495969798999AA2A3A4A5A6A7A8A9AAB2B3B4B5B6B7B8B9BAC2C3C4C5C6C7C8C9CAD2D3D4D5D6D7D8D9DAE2E3E4E5E6E7E8E9EAF2F3F4F5F6F7F8F9FAFFDA000C03010002110311003F00F14B77B75FBE509C8EADD07D2AFE9F14725FA6C6560324807381D3FAD6081C73524524904AB2C323C722F2AE87047D08A97A9717667B05E69F63FF0008BDBC891C7F6824EE60467033DBAFA7E47DB3E6C16145C34D0AB8C87576190471D33F5A8D3C43AAAA10752BC39E32677CFF003AC82BF31F4AC6852953BA6FA9D78AAF1ABCAE2B646E3359EE62B32019E016078FAD47BED76906442D9E1838C63D31FD7358CCA4004D01735D37386C6B87B4080310CDBF2489401B7D318EBEFF00A544DE4E389133F5154963A93C9F6A3982C4EC60206D65040E72E0E4FF004ED4AED6A776D047076E6507077719E3FBBC7D79F6AAC62EE0537CBA3982C4842766047AD3485F51F9D11A1328455259B1B79E87352CA8559D063018938A571F28FB2364B31FB60728768CA0C91F32E4E3233F2EEEFD71D3A89AF1F4F92F247B181A1B7555440EF867C0C17392704919201206702AB4B0852A7D5734F914142580C9E7A62A53D6E5CE0E3A3278E5B448E2036F9AB217326EED8181D71D73DBD2AEDDDFE9F757533B44A90F94C2248F3C3E383CB923919E4B771EE39F65E6955703344A0A4EE284F91DC68C6282453FECF3F4D9FA8A0DB5C7FCF3FD453112DAD9DDDEF9DF64B69EE041119A5F2A22FE5C631976C0E14719278A3C9B9BA88DC240EF1205566893E55C2B601C743B518F3C90A4FA9AEF3E1A5C496165E299A39823C361E7BDBCA16482E510E5A392327E6041DBB872031E46EC1C29A0BFF0AFF69694F3DF21BAF36177B2D44450DC22B3C637A6D2586E593862320F6CE4826411F877598F4A1772F872736A505C25D5C452A0913018843901C6D058ED04ED0CDC0524541A06A32DDDC451D99F323741E5C4770264388D63E4F985B3950A58B282C320134CBCBBBDBA1285B8BC6FB4ED92F3CFBBF33ED12A96F9CF033F78E33923279E69F757977FE976D637B7C2C2E36A3C735CE7CE48C91107507076A8500738238C70298879D36E6D36C5756F242EE4B0F3A3656203321033DB72B03C75523B1A9D74FDCD90C40F4A8AE752BFBD92133DE5DCCA85988BABBF3BE6279232063E5080FAEDCE7180274B891A5409B768FBC59801FD7F9526CA8A41269E474E6AA3DB81C77AD99993C84092A12586F39C7CBDF1EF9AC78A6C0C39048E32C47352A572A5148ACF08F310BF099C31C6702B5A1B0492D27B81868D7644AC8782E464E38E4000E71EA2B32E5DDF2B12820F5E4576FA6E9CF70B1C56D88C46F3075231E629970092303390831800F1D318ACB11539228D2825CF696C61EA1A2B25B5AC8A096923522341BB0090AD9C138C310067AE4553BAD1AEA0B47BB9936441D5154904BE41C918EC085CFA6F5CF519F40B8D0C43657124173B02871C28C46EFB0B1E0904F4FAF438C579E25F5DC5637366FE64A93053F338C2B820938E7D08ED5961EA3A8B4EE75E360A0E2AE9BB74F2D119CD0811863C738A85B19AB52099D0009C8F7AADF67B8FF9E7FA8AED479ACBC3AD38D18A08A43352EEF67B5D0AC25D3A392DA5315C59DD4C224D93AB9C95C8192DB481CF206DC638A35ED6ACF54D5E5BAB78E6589DA460245008DD2BC9D8E3F8EB39B509D6C1F4F5922481DF7B8002B3F4C062396031900E40249154F68FF9E91FFDF54D08B4D3412E130F83D7E9448D6FF6631DBBDD241E77092C9952403962001820103BF7FA5574501B21D0E0766A746769244A3A86F95F1823383FAD06728B724D17D6D6CEE2DEE24B71E54A8DBD527BB50446376472AA1DB9403073F2B7CA73F2D8B136B3BAC535C496C8EE8AD226E60A0E4162831B80566EF9E71DCE33E699A5B648E4915887277139246000338CF18F5FCBBDAD3CCAB20115C6C0183821C8F986707EA327153D0D75B166F218A42F239BE7B78ED5A5B756DC760F37CB505B180A38F980C1236F04FCB5A5B18A49CC67ED9E646D708C645665CA0671B4950C3AFCC0818FBC7EF10B5EE9E75768FED594DBB36890E36EEDDB7E9BB9C7AF355A38C06C891063DE95986A68CD1369BA80166F2944F2E547913059B6821B0474C9247B11D6BB6B048A0D2A4BA3134335DBEF85940DCCB9F998E73C76E31CE7D083CFF86E2B2D4E74B4B8758E4660AADD893DB278CD76375A54A9ABC36E84496DF63296EECC31BF18DB9C850779C72401CE79158CE2AA4B95EE79D89C4D4849452B6B77E9FF0004D1965B63A3DBDDCA91C5653B08CC2ADB5E36000255492301BF0AF2CD6A2921D62E96524C86462C4F739AECD64BABCD1DD6DD657FB3B2CD1CB92D8DF90C00C600C824E703D79C679EF1C281E2BBDC2E0172D8E38CFD2A68D250D575358E2A752BF237749597C8E768A281D2BB11D4C5A28A2901259B5A35CB5ADDC3B966643E6998A88F1EC081CE7193D335A112C0D613DEC7BA2BDB6B78C24892C81C12B80D92DD36A91C7A8AC89E3865B631C514A2E1A54DF212197A1DAAA366E527FDEE71D3A62D4573B74B944703B33B29798F31E1005C6367FB4B9E7A919EA2AAACDCE318A56B7FC0329C64F665BBEB5163E1F8A148248C4CEAD316F302C8CAADB48F98A370E4E700AE4819F9AB22D4DA3CA8C1638C478674999D965F9FEEFCA320053CF4E8707381576EF521776FE482E06E2EC64653D8E301517079249FE23CD50F21C5C1B7C1F3CBED31ED3BB7E718C6339CD26CDF41FF006988DBF95F62837E41F372FBB80463EF6392413C7503181906EC3322C4310A2F6E09FF001FF38ACB451BF971FAD5F85A25055A641807AE7FC2A408AE8364CA602C9CA97C1C671EBD3B8355023960A14E48CFE1EB52361CE3783CE33CD2AF990FDC9766EE091907149BEC1635A0B6D4ED6C2D9A4130B2791A4881CECF333B58AF6CFCA01C7A007A71E89E1DD6AEEE74DBC8EE2CFED3BA55972143499246E6524E78D8B90011CF55E8785F0F5A24D749E6A89234C3C80B632A3B67B0ED9ED5EB9A7E9B058E9F7CD2C726F8ED427CB80A06EF9C018C8E80F53D7B646786BE23D9B4DEE13C2C2B2F78E4F48D52DAD7C48FA6A8686CE450CD9E013B32A492785059B3EC07AD627C488D60F195DDB23168A058D173DB281987FDF4CD506A96FB3549596552224003E71C1031D47D071DF38A778E51FF00E127BF95B79F36569159FAB027AD76B8DE4A69F4FF0023C8C2254EB35F2F4EFF0079CAD141A5AA4CF59A16929C4521A07629CEA0CA4902AC1B678ACC4C9B9038DB20CFDE19C83F4E071EA33F444DAD7888EA0A96C631EBC5742A62306D78959981CB10411923DF0781E9FC47DA86EC095CE613EF73DC1FE55B4DA769F1EA3730B81B56D849182FC337CA7AF71B493E9EFDEB2DF6497AE96C8C22676F2D4FCCD8E70338049FE7562DE78AD2494CD670CFFBACEC9E290040C06D7F9483FC408CF072383557F71AEBA133574D221BB8A24B2D3E48845BDE37F336B65B70761F30DC71C631C2FD0F532E9712CD74035BC736082DE6B95455E4F38C1E4E07073CE07245565314B0AA8D8BB727785396FAF356B4ED465D304CD6D3A8332796EAD1EE18F5C1EFEFF5A8B3B58D1B49A66AC9E1B5B49EDC4B78A2D27B89E18E5581CB0F2C81B8AE3A1C8FBA5B1CF718AAF79A74496962E6625AE2232B0D98F2FE765C64F5FBB9C8F5C7514DB6D46E8436917DA70968CC60C20050B1C9E7A9E7D6AFC525AF9B6C59A25F2B2DB9E2DEAC40C80CA4E186474C73D2B393B4AEF613F87436B48BCB4D12DECE216F2492B18E7BA69A3036A9E8AA3073FC2C181E9CFF00160743E2124EB22D964219BEFCBB704E4E49238ECC6B8ED2629350BCB78EFAE6616D34EEB2DEBA83E649F78AE79F986EE793F7C71D33D7EAA767880171C6F2707D33C7F2AE1AD1B495CDE9EAB532B5789638ACE696DF6DD5B8921241CB48A385054FA0C8F7E3D09397E2599BCE866237930AA3097E6E4000FAF719FE75D5EA322C924CC6E733382A640B84908C6E0CBE991D3B7E15C8EB804C14039C2E0904904F7EBEF9AE983BFBCCF3B97F7BCA96CEE72D260B6F50AA189F9013F2FE7498A0AE188A2BA92D0E86C7819A36D2A6E238435279527F70D4DCBB148C52B4EED0A3B18C6F3B467681DEB6A5D46D65548ED6201B00051B999DB0077F5209C63F8B1CF15952C1990E5806FEEE467A53ED4C56F7B1178EDEE47DE30CCCC1187A12ACA7DF823A5175B859EC431418BD48675741BB6B8230C077EBFD6B5B553A747AB43736BA518218E0593ECCA43043E6B905B7AB6E18DA0EF033E98C6628EEFEC92C77363676B15D5B4C2E639612EECBB572170CE415054B7233D79C71542FBC4177777705D34AD0DCC36E96FE64236332AE402C41C938E33E80535B92D115C2DBC6EC2D640D111C724E3F12ABF5E9D08A8D51990B04628A40660381FE707F2A8FEDC4B094CF299376FDD9E777AF5EBC75A45911B382C3EABFFD7AA11AF6D028D3DE574916512A819240DACA48E36E3D39DDF81EA2585C4B2A4091ABE583B8CF25541247AE319CFF00FAAB1FED020254EE23BE003FD69D14E8EE5B711C775EA3BD6538DCA8BB1E83E17F0D34E06A77D2C515BCCFBDADB92D2851BDB85C71CA820104027A639D8D6AD258AE6DE62E0AB46A164002EEC28CB11D89FBDF8D72DA5F8C0C3A5C9A6B796D1A28091BB052532F23752549042F07924E0649ADF3A97F6EE8ED7084AF97348443B81114604614903EEEE2C703A7CA7935C35633BA6CE88DADA1A3A85A49AB69C93D891B22625E15F949CF7E339392C7A64F35C4DF86F2249376554F5EC7A7E7D474F51EB5B9A66BD1584B0DB5CDC2C513367CC63CA800EE1ED804FE7F4AE7757BF7306A11C3048D6B230951F6EDCC65BE461919DA78F4CFF2745493B35A115126AEB730CBE5CD2D55497FD96A94CC07546AF44C4DEB788020B28C56908148E83A566C72065F522ACC3747E5539C8EB5848E842DF35E5DC76F6A095B4B78D9446643B59C973BB6F407E7C7E1F8550D3F4EB89992F1A0B799032FEEDF28AEA00F94EDC1C71824104F2739E6B4E49777038C9AB3A7CC5A208E5430C1C018C679C7E791F854B934AE2E54D98B796739BA9258AD6DED37302B142CC5540041C6F2C79EBC93D6A86A77BA94F231BBBBB87999A42ACB39544126EF346D03003E79C6075C835D46AACB1C2D2A142EA070CD81C9C64FB571576CC658E490FEF1D72C303F03C55D3F79F3333AB18AD7A8F91AE254885CCB712247132006E49C1DBB5719070A142023B85C6471880C2809D948D212319A609083C1AE9B182B8E3B0020C418F19DC4FF004AB16891C8ED9F95782A07040F4C8C55567DDD7AD4D6D22460E7824F5A433A6D3BC322FECCDC41B630A5D769883160AA189539C9C6573E9B9719CE04169ABDCD859C6F6D768276678A5B636E8CBE5A95656248218962DD4646C1CE08C67C7A84D144F1A4C7CA7574643CA90C006E0F19381CF5E07A52CF7925FDCC93CF26E964003B2A05DD8C72718E78E4F52793926A6D77696C2BCBA13C9A86A121791A59007051B68DAB82C5CA803803764E0719E6ADD846BA940F0DD6A5711011AC4B1471799BE31B9B681B80C02AB81D3BF18E724A6C6C007EB8A76D650DCF0C30734492E5B4741FBCF71F61A7ADF6A305AC2EABE6BAA177C80833CB1F60327F0AB7AE68E349D76E74E5984F1C7B764A57617CA863F282718CFA90719AA36B3491DC86B7959640A54383CE36918CFB8E3F1ABA90B24CF24929919C1CE7D7D7EB4AF6DCD22AE8A3696B2CBA7CF7A25880B67891D3CFD8CDBF760AA9E1B1B4E40E79CE080C43519D49D85977753E61CF07DC71D6B162BBD8CA7CA5665390C49047E46ACAEAEFBB98D7BF73DFAF7A7644DDF437EDF5058E7856EFCC4B5570269D57CC28A4805B1C64F3D38F4CD69DDC90C77971058CCF730ABE04EBC6390A5885623192003923F3AE2A6BD173CC8A718E80FEBF5AB316AF711899FCF9D8C84998B3E4C996DDF31EFF0030079EE33D6A1C516A523A49F0CD2493056041186E73CF079E9C638AE5F50B812DE310C0A800291F4A926D59E6574208CE4023B567BDE492DAADB9587621DD910A073D7AB81B8F5EE68A716B70A8D31FBF271902B52D74E8D82BCD2161D76A8C7EB58A247041C27C8411F20FD78E7F1A7FDA5B030B1F2C4FFA94EBF974E7A76AD1DD99AB235EE74F432B0B693903251BB7E3598FBA390AB707A106A0204BF31383C701001FA546540EE6921B2C995871E952DABB6F62180206707BF34ADA8CAF6FE4795022F0BF24601276AAE49EA784CFD493DCD51595918329C11544A37BED123819524E3D319E7B0AD4B8D3079924519BDF355F67972DB843F7981CFCC7070178FF00688FE1CB72F16A32283900D6CC5E34D5D184AD3F9A33B8ACCA245279E486C83F79BAFA9F5A22A2B709393D8DDB7D14C7124A22BAFB29DA867310C6E232C3AE0F538E79F6CF0E8F4F2E48C4991F403F3AC48BC6BA9AAC411D5444BB50AAE0801B70E87D483F80F414C4F16DDA83FBB8C8CE707271F4E78A6D46EAC4DE7677F91FFFD9),
 (100008,0xFFD8FFE000104A46494600010200000100010000FFDB004300080606070605080707070909080A0C140D0C0B0B0C1912130F141D1A1F1E1D1A1C1C20242E2720222C231C1C2837292C30313434341F27393D38323C2E333432FFDB0043010909090C0B0C180D0D1832211C213232323232323232323232323232323232323232323232323232323232323232323232323232323232323232323232323232FFC0001108007E008003012200021101031101FFC4001F0000010501010101010100000000000000000102030405060708090A0BFFC400B5100002010303020403050504040000017D01020300041105122131410613516107227114328191A1082342B1C11552D1F02433627282090A161718191A25262728292A3435363738393A434445464748494A535455565758595A636465666768696A737475767778797A838485868788898A92939495969798999AA2A3A4A5A6A7A8A9AAB2B3B4B5B6B7B8B9BAC2C3C4C5C6C7C8C9CAD2D3D4D5D6D7D8D9DAE1E2E3E4E5E6E7E8E9EAF1F2F3F4F5F6F7F8F9FAFFC4001F0100030101010101010101010000000000000102030405060708090A0BFFC400B51100020102040403040705040400010277000102031104052131061241510761711322328108144291A1B1C109233352F0156272D10A162434E125F11718191A262728292A35363738393A434445464748494A535455565758595A636465666768696A737475767778797A82838485868788898A92939495969798999AA2A3A4A5A6A7A8A9AAB2B3B4B5B6B7B8B9BAC2C3C4C5C6C7C8C9CAD2D3D4D5D6D7D8D9DAE2E3E4E5E6E7E8E9EAF2F3F4F5F6F7F8F9FAFFDA000C03010002110311003F00ECF549426AF78E5B0DE6B8C02718CF71D09E3AFE154199A75230D83C1C1C1AD1BFB74FED6BC63824CCE4127FDA34AB12A80028CAF7E9835E449EACF420B420F25E491A57E5D98B138C727F4A9D130064E6A50AC012703F0A464E38EDF9567729232B5DD5A3D074EB9D45E31348B1AAC36E8F8799B2DC0E3FDE2719C0527DAB42DA779AD91E589A073D636E4AFF009EA2B9F7B5BCB9F195C5C3A13269D001A7C6EAC14B4A1012485240F98FCC38C2B743935B3A469B2E95A5C7672DD9BB956492479D936176672E4E0138E5BF4AD2714A29DF566545AF792DAEFF003D4B833CF39E7B8A70E7A37AF5E29B95DA79E17F0A7E06E07271E98ACCD83700464818EB4EF30850739E7A1351155040C80DF5C5342F1807763AE28B8729306C75149C1F6CF1D6914120F392075CD349DA071C0FA5171728E2A0727918A4EA700F419E694372320E0F539A7657A74FE74C5619B57AF3E94BB3D453BE52323A77F6A518C6323F0E69DC2C3AF500D4EE48209333E41E7B9A8B68087DFA8A9EF81FED0B9C938F31FDBB9A800E50FF007B3CAF43C529FC4C705A21A40C61853950139E8C3A718A450AA010F8E3A13C9A720CE3960B9EC391520CE2BC6D737163AACD71A4DC4913C0903DCB24A5412DB55438E55B9D9D7B023A1AED34397FB5F4D82F3ECCE8F736F1C810B8FDDBBA86519EFDC74C75AE58C53EACBE27956D2749242F044A1C6C91D61F29F6E4F40C0804FF00881D2F85A464F0F59A38259ADE162C78E898E9F89AEBC3D384E71835A7F9AFF33970D0928FAEBF796AD9645B9468C10E1837CA3D39A5BB08B74F872DB806258F72013FAE6A4810477CEA0EF082450E0F5E08FD6A099732B1CF1F8D0E16C3B93DF9ADF81D6BB91F4CB0C6D3D08A45DA5B7367EB4719E7273F877F5A555FBA154E33D54E473ED5C6324CAE71F9FF00FAA9AD8DB8181C63E829A30786CE179000C9FF003FE14AE4B751956EC7F91CD02181493F4FC29C08EFF90A4185FBC5572781D33FE3401B8606338C8C0FF39A631C318FBDF9F18A15F0D8C67D8D314A75DC01EA70734E39C8E31E9D09CD171589AF582EA573B8803CD718EBDCD40A155F8CA827B700FA54B7EA5751B8C29E657C9C8E3E6A8D4941CFCC14F5EF553DD8A3B2136E776E1800672C0F1EFF00E4D2A9072A49241C6E3DFF003A41BCE0A119CE580E9C7F5C7AD1B005DC77A938CE3919FE752510585BFD8ED9E365E4CD2CB9049187919FD3FDAFFF005D43E07699741B1B7BB882CB0C460755627698D8A91D4E78423838E73C55F385E48CAE3A8E79F6A7C2C61915D2591554F3E590081EA33DFEB5B51A9CB34FCD325AB6C4F20582FE342DBE36910160718C9191FAE2A2B9687ED2C231C2A85C93C138E48F5EF51CCC431964D91665DF827EEE243D7F2FD691BCA6668E3211037C8B9CB631D39E7D3D6BA713EED371FEF3FC17FC1127718E7C900B2E0F5192393FE4D3D4F1B4704F407934C6F316320AA67A0C9CE3D0D26D0EDEB820FAE0FD6B80B1E80EE5CAF073C138C7E148594724055CF07BFE269012777DEEBE9D680540011880460F43FA631480716381C8E38CD20CABF2581419CBE00C7E54E046368DA083D3A535C3153F282723008CFE58FC6801F962FCBE723041EFF4A6B6727D01E366303FFD54153B4630076007140C32E5891EB83D29812DF1CDF5D001B2267078E0F35091BC719CF56E3A559D43FE3FEE0B64624720FE26A0F959783D7A11D79FE5552F898A3F0A1A1813C67A1258739A9164C6010573C0C9FF003E9436D0ABF2BEE0739DBC13CFBE295D776E6C0DBD703A0A9189BCA8F623A1E2992B0896491C92A8A58E17D39A7282EA7E6C10720A8ED9AABA8B98ECA7901624AECC03C65B8CE3F1AD68439EAC63DDA42399BCB19DB49D5F53795D25129BD892127CB43185D9B81C8627CB4241C819380075E8B4A9E6B8B44594F99346C63672A012C319FBBC03DB8E38AE5F46B9B3BDB392EE5B8B8BF8629D5E3B3B52DB1C443728C2AE72428CE782578CF7E8BC351C96D62D613BAB4D01C4840C866C11904FBA9AF6719C93A53518AF76DAFA83B7BAD2DD1A81704F4DC0E76923F5A6322A36E20061F854AAC1DA460AC1738F9475E948C48C329C0F40383F5AF08688C310036416CF6EE295558E71D064F029598907729E3A77A30391E663D72093D7D690D0D8E42A320E79E48E7F0F6A710E85770CFF00B40F6E3F3FCE9EA246CBE3E51C6718EB4C0BBC7CCB93D3B7534008C72B92036060F7C0A5665FBA06E27EEF6FFEB1A5382C3AE7D71D3F1A8CCCABF2B0D9C6323A5324BB78CFF6E9C2B63F78FC0E7F88F6EB50C7193B94B0EBFE7DEA4BE2C350B83F2E7CC7DA76F3D4D3223B7E690F3DBD73F4A72F898A2F442709D179279E73FA534138E0123392A3A1E69483FEB010573B5FDB1FFEBA69C3AF1BB20E08153E632028DE707E030EBE86AE6A1A33DCF86E59D51567044A32C46E4041E8075E381F4F5AADE5F3B7CC0BDF04E3F2A86C2FEFAFA6BCBBFB604D2ADCA46A18E3054B0E3D49CE38EBBD7FBBB4F461A4A3554DF469FE26388738D194E1BC57DFE4794789757BFD227D2F41B4636B069D12EEDA872EE8F9F31D768E018F76319EB9AEBBE1FF00884788A1BC966455BA619963E0A2F24E719CE0EEEFE87D32788F19B997C4BABCD3CB028B5531C30F98CAF22B1C92A40C1203107240F638C563F8335E9F4CF116F49097954FCCC3219C74C9273C8DDF89CF6E3D4A706E12A7FCDA7CF7472C6BB6A32E963E83522324804138030383F5A734A14B2E63CAF25475AAF1BA4F024C0FEECA870DD7729E4103AD4AA80B16215D7D73835E2356D19E82B0D5740E432A81D8E7F9D046F6DAC1A4C0E5946463D383DFF3FEAAE536ED93820E36E01CFE348A658D43887CBC72727A0A450AA01046F3C00075CE3D3D69EA1252D80371E3EB4DDC5B1B97393CB6DC7E3FCE80BB46F6C7B9CFF2A42139538E41EDE94922606DC313F8E6A47525F0AEA79DDB5BA3669A09CA8F9A31DC31C814EE056F16EB16FA0D9DF6A332F985642A916E0A5DCB100027F12719C004F35E7FA2FC52BB9AFD23D5EDAD56CDBE577B7460CA7FBDCB1C8F6EBFC8CDF18EEE5FED6B7B10A4400C92960FC3B162395F5500F3FED1F7CF9AC1FC5F857B143094E506E4B567975713353518BD11F45C411E3FB45BCCB2452A860C8C0AB023A8FC3BD585C632C40CE723DAB95F005F9BAF0940A4CACD6CED0BB3B673CEE0073D02B01F87A0AE88CEC321C8DA3A638AF26A41C26E3D8F4A12E68A90D99C4373147227CC72DBBB0FF39ADE696DE1D0035C41BE055695D76173F2B6EE8327391F9915CFDF1F25A19A424C7B59090063E6C1073F801F8D72BE3BB9BEB3B0D2AEC165B179143B70559490C7D790EAA477E09ED9AF5654A153011E5D1DF5F5BFF91F3C954FED79736B16BEE492E9E6CF2EF1043AA5C6A93EA1168F78B6B772492405A12414DC5704738C63183EDD88CC76BA0DE5B6836BACAE9B3FDA52FE48A4603F87646CABB7DF3276F507D2BD23C5BA958E991E97A65C5CCBE7C7035C48640CF92EDCF3CFF12B554D2F57B0D57C29ADD9C33AB3DA62ED480CAEA3A3B638C80A3F5F714E353DD4D743D371D5A3B5F0B7DA1BC3766648A5DC0329DE09230E40FE4315ABE5CF2B028ACA01C10CA471EF589E1E177776706A6BE237B882E6289F604E15959490393D9594FB924F3C56CE9C25B54297378D3E40DA1C1257D72DFC5CE71C0E2B86A421294A7CDADF63A293946318DBA6E23E62504875C9C640E87AF1EB4284500B31E7A127AD4F732AC881633B9B3FE1F977A889DBC1CEDC1272322B9A49276474277422293296DDF29E99E00A699E288BC73CF1C6C14BE19C0F97BB11D87BD491BAC8BC03B47AD539EC4DC5E16936B40D1ED75321C904AEE503A00CAB824739391D396926F562774B4254BEB591619629D36DC022119C6E3DFDEA4FB4C2FE61132305611BA83901B38C7D7240FAD643E9DAA5CADBBDD5C466E047224ACBBB80D92A700E3729D8780BF747271CC89A75D6CB89E221A46991E10CEE000246939E78E58F4C74CF526ADC217D25FD5C8539F63CF3C77692EAFF0014B50B3DE130E177365B0A143138FC7803AFD4D60EA5E1EB8D1ED2D2F5E7825B7BE32790636CB61080770E80F3D89EFCD761E32492CBE295D3C970C23BA89A550BFC242B2A8EFC968C7E75CEEBB76C2C34FB7056264F3240892166DADB7058F4C9DA4FF80C57AD19D4E78461B75FB8F25C15E527BDCEA3E175CCA6DB55B62C0C51B452226070CC18373D79DABF957A00883A9723BF3935C3FC3448C69377745899DEE3CB2CCC4F0AA0818FF81B7E75DC1659B2000597A3638FA579B8C6BDB4AC7A7874FD9A181217CA5C46B3421812AE383589E369B4FD5F5CF0CF86EC164D96B37DB2E21584344A8A9B8073D724B28F4FDE7393815BEC005F9C8C9E722B1EDECBECFE25B8B989A32B751F9930DB97DC0222827B2E109030724BF3C629529DA3257E9F88E705CCA56D763CC7E2DE53C5B67293906C940FFBEE4AABF0C859DC78A2F2C6F0B7957D632DB85191BF2549191D3E50C73ED5D37C4AF0DB6A1AA58DEFDBADA00D188B65C360E15C6597FBC4799920738538CE715CF784F44FECCF1125CC7AEE94F736C9B963472CA773344C189C6319CF19E307A104F5C17351B79184A5CB50F4CF06431C5E1582D520755B7631B6E183924B1C8C9DA7270413C106B73852132727A6E1D6B91F36EF4B96FAEAD350D35279421B98F705F35B62B798838073B8E4E013B47535D2E997125ED8A35D3C2CCECFB64886118AB11C13EB8E2B86AC1C5F33D99D34E4BE12D10F1A9201CE30734DDE411925C9E99A738961C00031527249192290AE5D9C1C863C56499A1324B1A0206727F4AC4F15395D2101443BE65192338E09C8F43C63F135ABB565C8FBA40FCFE958FE224824D389B82E55183288DD54B1CE3193F53C004F1E9922E9FC4889FC2718368EFCF6ED9AECFC04089350BA679008D1418D324367273B47248DBC63D4FAD72A64B1C7FC7ADD63FEBE17FF0088AD2D13C43168724B25B5A49279A00225B8E001EC140FCF3EDD4D762D19CED19BF116CEEAF24BAD4EDE2CBE9D7B344F200199D1A463CE79C27031CFDFEC01AF3983CFBBBA6FF593DC4CFEECCEC4FE64935F478F0AEACBADDDDCC92D9359CF34876EE6DFB59D9803F2E38DC7F33D702A1D3FE1C699A66A525F5AD95B24CCAF83E63900B7A0E8BF876C8E95BC313C978B5E873CA82949493F538F7D192CB48D3B4F9448CD676B34C595C8C4BF7B3C0EC49009C1C1EB9E0F670BABA656331A91920E01CFD2AE6A5E0F3A84CAC6511AA16DBB24604AB0C329E3A1FCFD08AB4741BCDE0AC90E07AB1FFE26B86AC652B37BEA7642515A7432FF00D1D9B195DC3F841E7F2AAC2D506A4D769912794225393C0C93D338FD3F1AD86F0E5C7DA03AC908EE793FE14ABA0DF2A95F3A027D493FE159FB391A2A8975394F1169735FCFA3DC5A9CB452C8AC0819D85A3CBE49EC17A7BF1D2B334FF0C5BD8EB93CB63332CC536CB26C5196608E464364FDE04E40EA3AF35DEFF605E19A277921252365E188E588CF1B7D147EB53DC68773208B64912B226D0493FE1ED5D29CA316BC899F24ADA9C98D2EE5A5FF008FD719EA707FC6A5FECE7565125EC9228070A3381FAD7443C3F76B8659A2CF39C93CFE948BA0DF6F3BE58197A8F99B39FCAB070A8D5BFC814A06608CA8DF21CF19CD4514848C85F639ED5AFF00F08F5D6F62658883DB27FC2989E1ABB498C9E7C449E31938C7E559FB37D87ED1198E3700EA70CBD38CD63F88D0DD694A1045E609973BE4083EE9E32C47E55D8FF605D83B43C18C7727AFE5599AE7832FF51B4586DA6B642240E4BB30EC4765F7AB841F3214AA45A3CDCD8DC264992DCAFF00D7CC79FF00D0A9A6C6442BBA4B7C138CFDA63C0FAFCD5D727C32D695B2D73A7B0CF20C8FCFFE394F9FE1A6A9211E549A72281C832C8727FEF9AEBE59187323FFD90CB55908F2A4D39140E41964393FF7CD7572C8C3991FFFD9);
INSERT INTO `emp_img` (`emp_id`,`image`) VALUES 
 (100009,0xFFD8FFE000104A46494600010200000100010000FFDB004300080606070605080707070909080A0C140D0C0B0B0C1912130F141D1A1F1E1D1A1C1C20242E2720222C231C1C2837292C30313434341F27393D38323C2E333432FFDB0043010909090C0B0C180D0D1832211C213232323232323232323232323232323232323232323232323232323232323232323232323232323232323232323232323232FFC0001108007E008003012200021101031101FFC4001F0000010501010101010100000000000000000102030405060708090A0BFFC400B5100002010303020403050504040000017D01020300041105122131410613516107227114328191A1082342B1C11552D1F02433627282090A161718191A25262728292A3435363738393A434445464748494A535455565758595A636465666768696A737475767778797A838485868788898A92939495969798999AA2A3A4A5A6A7A8A9AAB2B3B4B5B6B7B8B9BAC2C3C4C5C6C7C8C9CAD2D3D4D5D6D7D8D9DAE1E2E3E4E5E6E7E8E9EAF1F2F3F4F5F6F7F8F9FAFFC4001F0100030101010101010101010000000000000102030405060708090A0BFFC400B51100020102040403040705040400010277000102031104052131061241510761711322328108144291A1B1C109233352F0156272D10A162434E125F11718191A262728292A35363738393A434445464748494A535455565758595A636465666768696A737475767778797A82838485868788898A92939495969798999AA2A3A4A5A6A7A8A9AAB2B3B4B5B6B7B8B9BAC2C3C4C5C6C7C8C9CAD2D3D4D5D6D7D8D9DAE2E3E4E5E6E7E8E9EAF2F3F4F5F6F7F8F9FAFFDA000C03010002110311003F00F108860F35B9A7ABCB1BB224727951B160F9C018C06E08E41208F71C82322B9D8E6C75AD5D2E496E6736B0825A6017819EE2B5BE86693B9B375127F6625FD9C53A5B460453C92C8B20F370096002AED5E4601CF5FBC6A381DB52B871696DBBCA84C92ADBAB38551925CF2485C639271C66B78473683E1CD52EACEE27876C91B4436FCE8738DCBB87CAD9230C0654A861C815C7E93ADDEE953ADBC17D791E9D2031CE8A14B1491024C141C805978FF80A13CA8C4A95F52A51B3B1B7A9DA49A7C91417504F657042931DC0DA5C64A921480796523D8861CF411C567712F9452095C4CE91C7B509DEEE58228F52C51C01DF6B63A1A86CFC412C5041631EAFA8D8D9476EF6C52DE14663131DE51B0C9E60DEF2FDE3C03C7DE2021D75FF00B3CE9A6691EC1FCA90C6F6F1164917E62518825407927200C7DF24F2CD4F989B0FCA3282AC0823208EF4F551EB59D73AA1BB36ED2B48CF1C4AAD90A3E6015782A0646D8E3EBCF07AF522EA0A29A7A6A16348A8A4DA2B3FFB45693FB4541A77034768A8258153648FF758B6091C13C71F8023F4AAA751503AD365D467B9D3D17628820989DC3AEE914707F08E844B279117CC0C4F00E4D4174A62778E542B2212ACAC30548EA08EC6B5A6F0F5FDAEA3A4D9DEA8886A088EACA370505B041E83701C900F71EB59FA5E9936B50DF4EB295FB3C2D31CA925F86239E806571927A91C1A87560A1CF7D0B8C24E5CA96A604E39AFA4FF00672FF927DA87FD8564FF00D15157CCF24BBABE98FD9CB9F87BA87FD8564FFD1515290E27CC6B5D4F81441FF091A3DCCCB1C691331DC7AF6FD32493D8024E0026B965AD6D17543A64B75979152E2DDE1731F53D180C64020B2A839CF049C120526AF1B22A2ED24D9DD6AFE24F0DC9A49B7B7BE9AE1A59A156431B80A8B2062C4B2FA6EF53C8E3AD54BCD73C3524B64D6CB6A9B266967125BB15738C81F2A8F901E36FE79E6B8917B27DA5E70880167758D58A246CDDD42918C1C11FEE8CE4714D6B80F0364CC6E1D9BCC73302AEA4A9036E33D4312727391C0C72E0946DA0A4EEDF9903B96F2C10BF228030A07BF38EBD7A9F61D853B39A8DBAFE029298893AF3466980E2973400B9A9AD2F24B2BA4B88963675C80248C38E4107823AF3C1EA0E0820806ABD19A00B6B1C934A91448CF23B05545192C4F4007735DA68FA443A3CAF35CB8BC58244B802162155A3523E7F6DCEBB4F438E71900F2FA2A4EFABDACF128C4132C85994ED183B8038F5DA6B425BFB44BB6486492E064B6E3951D47CBC751807EB5955E67EEAD9AFF3FB8B828EECF42D7752D3A1D063BA8C79FE5C59B775E363E32082791CF5E9D0F635C2E95E2992DD1EC572D6512398D4C60B4AAA07CAC49E06DDCC4038C93D78ADCF13F8BED355D5F55BEB585ADDAED2256B5DA0AA1014CA4E31CEF53CF7CE48E4E380B60ED04E2376DE14955500E78C1CE4F03696E993C74EE2EB2855872C5595AC2A6E709F349DDFE9BFEB6339ABE9DFD9C7FE49E5FF00FD8564FF00D15157CD31C0EEA1B69DA4900E38247FFAC57D47F0134DBAD2FC077715DDBC903C9A8C922A48BB4E3CB8C670791C8352E4AF62FD9C947999F2B28CD74FE08B3D3EEFC516D1EAD74D6D6280C93159190BE3955DCA3805B6E4F1819E41C5730B576D67820767B8B65B8CAE155A42803647271C91D4638EBD6AA49B8B4888B4A49B3A3D62D638FC56F069B7F3B69C19DECFCA9D8144727852D9C64039F5EFCF15A7A378734FBFD2CC978B34B7CF98F0246FBAB9EB83D0045EC7B74AE4EE7554BABB8A778514451AA2A2B0C0DB939391CE49C9CF5E739CE6B4B4CF1343613C529B795B648EE7F7CA7209E060AF2319041EBDB6F39E8C24A10BFB457D0E6C42A9397B8EC734C79FC053694F5EA3A7AD201EE3F3AC8DC5A33463E9F9D007D3F3A00503271535C5A4D6D218E789E2906094752A46464707DA9D671E6EA3CED20107070457657D32DF6A763790A1B29A071B5D1F002AB65305464151819E738078EF9CA69348EAA1879548CA6968B76643C09A4E98237937BDD81BC0CE138C60F6C8C93F8D63C114BF6840A19487C6E1D88F7AB9AA3C534D1ED94ED5520B13904E4F4C0E98C7AFD6BADF0BF87F4FD4201792DF6C04B348BB7E53C6D040CE7232C73CF5C750694EAA841C998C69B9545139DBCF0F6A16734F32C61A356CB1575CE3B9DBD5801BB9038C1E78354F4CBE7D28DD6DDC24910A11B01217BF5E47E15ECB6DA86871688D2456D78A573142AFB773C6540C1206CC11BC1CA9CF987767BF9678CECB48B7D543E9B2C82DE550E10804AE49C0EBD871F87BD674EA5F469AEC6952097BC99A3E108ED669E6D42640A230DBD908F311C8CC646781923EF2F230D9ED9FA1FE16470C3E169A3B64516EB747CB60B832031C67737279249EE71D3A002BE65F0AB15B89520694CB246E60063F91E44018A91CE7E5DC31FED0F5AFA57E116ACBAC781C4C40FB447752A4EC115433F0D9007006D6518ED8C7402A1293AB7E876CEA43EA9CA96BA1F202D588EE26B7612C12C9148380C8C548C8E7915594D4AAE14AB322B81FC2D9C1FC8835D48F2CB1651DDCC93416EF2089C032A2B9557C7407B1F6CD5790C8647329632127716EB9EF9F7AE97438AD3C98B72C811D1D9CAB2AB330538E4F18C8FCBDEA86AFE45BDD2B7951CD238F9C3960063804608FF23EB92EAF61F2BB5CCE8EEAE628D238AE66445904AAAAE400E063701EB8EFD6A177791CB3BB3B139258E49279A7046081C8217D7071FE783F91A630C3956E181C104118A6493D95B7DB6FEDAD3CC58FCF9563DEC400B92064E7030335B9E35D0E3F0F6B30D8C5A9B6A2BF671209CFDD219988DBC9E0821BEAC7BD738ACC8EAE8E5594E4303820D59BFBF9B51B9F3E72A0ED0AA8830AA3D00FAE49F52493C934EEAD6159F35EFA16F448A39AF0EF6E234DFB7382FC8F947BF35E99656D069B2F97A85AC53B5D59EFB559150A8763807241FEE9C0F51D7939F30D1619E7D44456CD898A315E7D064FD78078AEF758D4DE4BF85A4B78EDE6B458D42212C0B2AA8C91C100B2EE39E496C77C8E4AE9B765D4F5B06B9B0F3D6D6B5BCFBFCEC737AEC17B79AFBFDB1FCE9E6F9CC8ED9F336B15CF538E148C7602B5FC3F27DAAF22B089638E7966F366BA2CD911EC21D4E4E3F84303C1F94E7B5583149169B1CD23C8EF2E23822948508338555C9E33F29273CE413C826B9F8AFD2CE09E2B760D78EC6312798A155028248E78279EFDB1D4D6EA93E44A4795EDD4AABE5E9A1D7C3ABA5BA9BC496244FB4968DFC9042207192CBD0F4E573CE31D39AE2B5F8967B182F7CB90361918B480FCC1874C0E4608F7CEEED8AB69FDA296D15A5DC72470B658295C963B880B8F52CA463AFD78AB9AFDADBDCF86964D2E178A0B70BE7AB104349B46E65CE085F9493D46480314EAF2F326BA93439ACE2FA1C3DB5D4B657515CC0DB6589C3A1F420E6BEB1F82F7706A1E0EBBBE8300DCDFBC92A0C611FCB8C11C0F6CFE35F26C2210CB24F968D6450F1236D775E73B5B6903A63273D47079AFA63F671FF9279A87FD8564FF00D15152EA6B7763E6214E3D29A29E0020E41CE38C1E954893A5D26E65D3ADC25C79504AA7E54B88D73B720E76B8F5EFF51EB597AAEFB8BB0D12178D54A874190D81B9BA7A03CFA55193F78E596258C1FE15CE07E649A9CCF193191A7DB80B098C8DD27CEC411E61F9FEF0C83C6172A38C6412DAEC17D3735A2B3B08FC30978D6D1CD76D2A80097FEF1C86C30006063D791CAF78EFAE2C45BC72A68FA643234D1CE6286595808F6E3CBC99D8ED38DC78DE0B1F9946D073D6F6E134C96C02A79123AC87E5F9B2B9C73F89EBFE351492CB245E5958C2E41CAC4AA78181C819FAFA9E4F35A4DA76B22511CD224AFB9208E11CFCA8588E493FC449E338FA01DF24DDD374A37A613233C31C93AC424280A85E4BB6491F740C9ED8EA578CD160CC141030A3030A077279F5EBDE9021F7A8B31DCB20DCE99A93021A1BAB790AB0EEAC0E08A98EA7399CDC190BCA492CCDCEE27AE6A9BEE965691800CCC588550A39F403803D852796D9EF52E1777368569422E29E8CDCB9F11BCF0C212031CB147E5AB79CEC17820B0049E483EB81D80AA9A25B1BBD56342AAC80167DC40F971EFF005ACEC31EC6BAED33496B6F09C97B24F63149792C7241249280CA91995254E79072D136DEE0A919C6015EA350FC0C68D38A9DD7A95D611AA5CDE40F33991149FDE00003C9CF5F6E3F2EF5989AA5DE9515EE992959E1910C6509CAE48E187D3823D2AE6936FAB4DAA5FCB6A6622D833CD73172918504825C70061491CF3818CD50D734F4B5BBCC177F6B0436F711320043B2F01B9C10A0F201E7903159D34EF64EFA1A4ECD5EC64135F4F7ECE3FF0024F350FF00B0AC9FFA2A2AF982BE9FFD9C7FE49E6A1FF61593FF0045455649F31AD4CB55C1A90355A64B458C8A7718AAFBE977F157726C4FC52F06A0F328DF45C2C4C48A4C8A84BD1BF8F7A2E162C8C673EF56EC2D3EDBA8C36A1954C8D8DCCC001C67A9E2B2F7D4F6B3ECBB4627807FA526F4D012376E34A874ED4E0B779ADE449144893316202EF2B960A0F42A72064FD6B5A7D4E3B182E22834FD36EACA6263FB5496442BBAA80C50B1CF1BF8CE38704AA9381852DD9B85884B2F99E5208D09EAA83A2FD073F9D4F06A5736D134705D4B02B306631315248E9C8FA0FCA9395D72F460EE9DE3B966C67785AE2D96211FDA0A7EEC0214B87054B2E79C64E339C66B6FC4DF685D96F7B656119F2D176C36F246C01DD907777041C9EFBB209EDCC5DDE35DCEF3CB2AB48F8DC5502F418E80003A54525DB4912C6CE76AFE67EBEBC7159DE51A8A507E457C50B4FD45B8F0F46BA5C17C7281A468A4440DF23F240DC46D6CA80DF29380CB9EA2BDEBF671FF009279A87FD8564FFD1515780C77DF6547557F9594AED382003ED5EFDFB38FFC93CD43FEC2B27FE8A8A924D6EEE5B927B2B1F374BA718E47559448AA5B0E838600E0919C1C7D4531ECDE3E5891838E83AE33EB5E84FF00097E254858BE80EC5B76E26FADC93B8E4FF1F734C93E107C489410FE1F2416DC737D6FD718FEFF00A551271771A15D5B69165A93B2186F19961504EE3862A7B63A8F5F4AA1736F359DCC96D731B45346C55E37182A475047AD7A1BFC20F88AD6F1443C34AA636DCAFF006E809EB9FF009E98FD2A3BBF839F122F6F26BA9F416796572ECCF7D6E4927B93E6727DE95CA76D2C79DEE3EB53C51BDDDD08629572D90AD348B18C01DCB1C0E07AFB57A0C5F083E22449B3FE115B671E534797B9B7272777CD9F33EF0DE71DB85E381535EFC26F88376536F836C6DB622460417308E1493CE6539272324F2768E7AE4BB135D8E0B52B07D3582497165746424896DAE44B8C1EF83C6783C8EFF5C6766BD0A3F82FF10A36663E198DF2380D7B0614FA8FDE73F8E4507E0BFC402AE0785E3058E4117D0E579E83F7BF8739A77124EDA9E7B9A50C41C835DEFF00C292F887FF0042F7FE4EDBFF00F1CAB16BF077E21DB67FE29947CB06C9BCB7DC3018601F3381F364FD05170B1E79E737AD28B871D18D77F71F063E21CF3B4BFF0008E6DDD8E3EDB6E7B7FBF517FC292F887FF42F7FE4EDBFFF001CA2E1639C83C3DAE5CC11CD0DAEE8E450CADE6A0C82323A9A71F0B6BFDED3FF002327F8D7A559F813E22DA59C36FF00F08996F2E354CFF68DB8CE063FBF5A573E1FF8A5796C2DEE3C32F244A220AADA8DB702352A807CDC0019BA75249393CD47BFE5FD7CCC6F57B7F5F79E3F3F8635BB78249A5B40B1A29663E6A1C0033EB5F427ECE3FF0024F350FF00B0AC9FFA2A2AE3B51F067C48D46DE48A4F0A637C222C8BFB61801768E8DE807D7BD7A4FC14F0B6B3E11F06DE586B967F64BA935079953CD49328638C0394247553F95357EA5D3727F11E91451453340A28A2800A28A2800A28A2800A28A2800A28A2800A28A2800A28A2803FFFD9),
 (100010,0xFFD8FFE000104A46494600010200000100010000FFDB004300080606070605080707070909080A0C140D0C0B0B0C1912130F141D1A1F1E1D1A1C1C20242E2720222C231C1C2837292C30313434341F27393D38323C2E333432FFDB0043010909090C0B0C180D0D1832211C213232323232323232323232323232323232323232323232323232323232323232323232323232323232323232323232323232FFC0001108007E008003012200021101031101FFC4001F0000010501010101010100000000000000000102030405060708090A0BFFC400B5100002010303020403050504040000017D01020300041105122131410613516107227114328191A1082342B1C11552D1F02433627282090A161718191A25262728292A3435363738393A434445464748494A535455565758595A636465666768696A737475767778797A838485868788898A92939495969798999AA2A3A4A5A6A7A8A9AAB2B3B4B5B6B7B8B9BAC2C3C4C5C6C7C8C9CAD2D3D4D5D6D7D8D9DAE1E2E3E4E5E6E7E8E9EAF1F2F3F4F5F6F7F8F9FAFFC4001F0100030101010101010101010000000000000102030405060708090A0BFFC400B51100020102040403040705040400010277000102031104052131061241510761711322328108144291A1B1C109233352F0156272D10A162434E125F11718191A262728292A35363738393A434445464748494A535455565758595A636465666768696A737475767778797A82838485868788898A92939495969798999AA2A3A4A5A6A7A8A9AAB2B3B4B5B6B7B8B9BAC2C3C4C5C6C7C8C9CAD2D3D4D5D6D7D8D9DAE2E3E4E5E6E7E8E9EAF2F3F4F5F6F7F8F9FAFFDA000C03010002110311003F00811EDDC28440EDE5B6EC37F172770FA0C7E47EB4923C52CACD0C6238FB286DD8FC6B904D7ECE263234770BD32C2DC0241E5724B1EA07E5CD68E93AD457C64483CD091B6E2AE00196EF81DF8AF569D58CDDAE71CA0D2B9278B481E18BC1DF0BFF00A10AF36D0C2FF68891C1DB1BA3923B7EF16BD0BC592EFF000EDCE3A617FF004215E77A43225D32B83B1D954B0EC3703FD2B0C4695226F87D8F4158248742BAD3EC2D2C7C8BA656DD327CCAA3691838383F2F27BFE35873E8B7B6D6F24ED6F62CAA37304C938EFD56BA7B70C2DA20CBB5B60CAFA1C74A9D4D6DF54A6CC7DB493385B182E350B9F221B4B4DDB4B12C30001FF01FA5754DA399E0B349A080189819CC5232B4A33CF2C0807B0217EA0D5D82C6DE1BA96E638C2C92801B03F97D7BFD055E51452C2C631B482AD7BBF77639ABBB01A4E9D757729411A12CABB893E80676F5CE067154B46B5FED7B4B8369A6582A06CACF7113EE248FBA06E202F27B647CB8E79173C4025D6B55B6D0ADDF6A0FDF5CBE0903D01C7E78F75AEA34FB1874FB38ED60044718C0CF527A927EA49352F0D19CADD1046BCA9C74DD9CE4BE159E668944761142376E50BB88CE4020E013C60F3DC13D38AE6BC493416372D65359D9FDA4444486D83050CC090D93FC43774C63017BF35EA78AE17E20E84AF6EBACC0A03A61270001953C063EE0E077E08F4ACEBE121185E0694F15372B48F3E463915AF6F7490DA1006642781DBB56329C30AB911CE2B9E12F74D248D4B5F395249E52312636E0F4C66AB5C4FCD5A771FD931E3A890A91FAFF005AA1E4339DCDC0A6DDB4252BBB9B42291604113CD82A432EEC0009E839E41E33D2B6FC3101F3AF1A5DDBDB61249C93F7AB5EC87859F4FB76370449E5461C3063F3ED1BF91C7DECD3ED56C06A738D3DC343E4C79233F7B2FEBED8AAA0ED550545EE14BC4B195D0AED7AA94C8FCC5701A340669BD4091491EA0063FD2BBDF16DC9B7D02550A18CAC23C93F74609CFF00E3B8FC6B90F0F6EFB5410A2F324D92DE802E0FFE855B57D6A21E1D595D9DFC6ADE5A87396C7247AD4AA2802A40B5DE70B62A8C54F9017712AAA3AB31C01E99EFEDC03D699B40C7D39AB9631E99F646B9BF9D5ED59BCD2A72CA54023903F87827DCFD69AD4893295A584764F310EB2CD336F965073BC91918F4001181D855D5181496FA8E8D7712B40E91C12106368831F2D8F2D1B0381EA4631DC76E26688A223878DD586418DC37E78E9495ADA14D3BEA3714EF2127568A44578DC15656190C0F5045005588860D4C9E838AD4F0DF13684DE1FD6E4B2DCCD0902485DB19643EB8EE0823B74CE39AA509C62BB5F88FAFD86A0534CB78CC9716B31F3272B8DA464141C64F3D7B7CA3AF6E1E26E2BCA945466D23BD36E3A9A09291114E08241E7B51BBD6ABABD3C3D0847636D76D0E9A61B6B8B91128591A35898265976BB1C1C756DB9C7CC1B9C7436F46B8696EEEA52C5998216660724E5BD6B9F5BFD41230C92CA4F9623C81D53180BF4C002B63C36D2C8F7266277009DB1FDEABC3C7F7A8555FB837C6B74874B8A1390CF26E1C7A020FFE842B27C2481F5250573B15DFE99DA3FA55AF1A32B0B5456059376E19E99C63F951E0A84196EA7FE255083E84E7FA0ADA4AF5D2084B96936764A3353A26E1D6A38DF271ED4A64D84B73D40C0049E4E3B576DCE3B139923B442F260900903D7EB5CBEBDAC5D5F45728641B16048D7FE04C09FF00D09855EF10DEC56F6522CB0B97641B189E01AE6ECF6CD1DDDC4CEC608915DC6E00E0BAA8C13DF27F0CD675AA7BAA28BA34EF3BB16C1EE2C6E9DE076581A128CCA30A78DDCFAF5239F5ADEB0D62287530B29490C817F78AD809B80C8E38A6E8022B88A6DC2DDD2D11AE95429666729800123F848C739193D0F5AC2B9D36E96492E5499A143B5A48CE7628071918040C0EB802B08B941E9B1D55A9A4B43D2A1749515E360CAC3208E735C9F88BC53713DD7F61F87B74B7B236C9268F1F27A853EBD727F871EBD39CB9D7751BCB38AC2DAEA6B7B48CE37862BFF7C8EC3D7D7F9F7DE17D2F4ED374989AC06FF346E79D930D21F7CF207A0FFF0059B73E7F76260A2A1AB388D43E1FCBA5F862EEFEE2E0CD791A8610C0B9551B86493D4E1724F0318EE2B8756DA6BE8CDDC578978C7401A0EB4C90A916730F320272703BAE4F707EBC119EB5CB5E972A5289AD39DF46632BD48AD5501C54C8D58C1DCD1A3B8B39ADE6B4822BDD52FD238D46C48ED84AAB90338CB0C74FC7029D6122A6B188AE247871F7A44F2C9001EA3A7F3A4D3F547B7D37C85D6753814C2311C36D95DC3761377042FCE4E7D58F07A98A031A3CD7115C492045555F3610849607231D3039FAFE94E83F7D0AA7C2667895F7DC2C8645259D8ED0C09038C74E3FFD46BA9D3F6E95E1EB2CA6E918286DA393925BF9135C66A6565D522B7DB82A551F9C8273D7F503F0AEBB58740D6B0AB2F92A990064FB027DB8EDEF5D54DFBD2919CD7B891BFC8C9503776CD625EF88A3B7BA58E58A64689CF9ABB410DC1C63246467073C56E80335C8F892053A981102CCCA9BBB9CF23F9015B579CA31BC48A118CA56917269FF00B76FADE1F9BC9F346F597862A0671C671C0F5FF1A9F5336DA36AF1359168A69E26F3234242FDE041F6E87F2FCDFA35BA437CE64C2C8CA4202DC81C647E678FA1AE7FC477664D6A59017C46E10027A6DE0E3D8907F3ACDBB46EF70C3DE325E46ADBCA64D72E04598E4788F9ACA47EF09018FF00E8439F7ADAD0F54B6D2AC254B95E6F2E0451B6DE11F298C9EC36F99F9D718ACF0F88D5A3932554B63DCC78FE405690B937512E9EB2926DA453BF39DCC38247A739E78FD4D72D7C4FB28F31D55249A699B1AD78674C16D2CD6E658EE0C6E2248DBE579304818C1C67A6063DAA1F0A5FDCC9A65FB1CAFEE9A400B72840201C76CE33F85549AFDAEE2524B79692930B87C658603671CE71B4807B13D7B74BA1DA9297378DE5A8BCDA76C679181824918E7E98E9DBA0D6849D5B4ED639A5649A27D2F545B9B49D983EE872CC4E003924F049F6EFD2AAEA3A6C5E28F0DA413E11CE1D1D5F3B18646EF7E09E0FAE320F23274598477CE15582BC254B72767039E39EA3181CF239A946A12A786AFA45543101B1777390D81C95C741DFBE47A574B69AD4857BE8794DCDBC9697325BCA0078D8A9C1C8FC0F714C56DB5D9EA9A7B6B7A40D51A38A3B969CA129B87627A127A9249FC318E73C74F04B6D318A68D91C632187AF20FE55E74E0E0EFD0EA8CAE77BA7EA46DAD6DBCAD4A485E341811BE3667AE3E61F5EDCFE755FED2EBE7245226C7550DB0F27EF715522B68EE214792FAD626545509B02923DF68E48CF24F3F5A96DAD92313CA65568A255672BE993D29D15EF2B0A7B19310F3FC404EE1FBB24E71C7CA38FE42B625762E55A4326D1B54E72303D33DAB33C39626FAF2E18B6D648F209E9927FFD75D03698C655855956411EE272482738FE55D14E2DABF722A35748E9A10B14291A938450A33ED5CEDEED6F11B48ABBD703391FC415871F4C835B716238910745500735833A8FB7648CA70C9818C03C8FE75BD549A4998C1B57658864905E49230081301181CE4601CFE79AE619A6D4EFA34DC0CD3C98C9181B98F538FAD744F22A23B7393C920F403DAA8785D62935D3215C98A16607D18903F913F9D60E379FA954DD9366FEAFA65BDADADADC44A18DB0112F525D0E41C903DF77E048EA71CAE9A5BCD2EC33B8127D877FE75D4DFBCA44D182C508C0071CE07F9FCEB92D3A5301F337FCC085518E39CFF80A2B462DD9AD19749E9A9AAF70D6FA7C5691A0387672CA3E61839539C7AF1F976CD745E1EBF9AE01B79B1E48898188AAE01DDF8E720FAF19AE7628950991146D9589071C8E9DFDB81F956958816BA9C01416DCBB89C63048EA39E78E3F3A9A347925CC9FFC3054B6C53790E1B11A9077614A8EFC7E95A7A64D23697716770CD1C53C4CA8C46769231D3D0839F4E2A82334773E6163BD1B702E39241EE29A97F23BB7EE58B67D4735A5494A3F0A22367B96ED1258956CE46736D90C64C824663DAC07B738F602B3B50D1CEAF18FB46D4997715909E727271C71B73F964E2AD49713084C8D18551279782DCE719EDDAAE4D6612D1DC4C4BAA96040001FCF35295492B3455E29DCE406A93471A47E545855DA095C1A90EAC5AD2F8BA22B4A9B70AB85E437E5C9E3156E4D4ADDADA08D6CD54C48AAC03362423192D963D71DB1F85437B70B79697E6DEC960F34448B040CECA30793F3313DB3C9EA7B0AE6A6DA99D128C5C2F7D43C3F14F169DE6C5218CCAE493B41DCA381C9F7CD69A4AF6D2ABB5C173B769DE33C75EB8F5A482082D60481656D883000627DCFEA49FC6861013D4B7D6BA5689239A4DB93658FED36DBD1474CE2AA19DA5F5F6217F9520DAADB900561D08E0D299A53FF002D1BFEFAA4E4DEEC16847348C6D661920953C81FA75A7F875A3B48E7926C249236DC30C1DA3D3D893FA0A42C5BA9C9F7A69FCBE94F9BA8969A1D14D716B24391321C67F88571FF006510EA0E8ABBA2DF94603200DA4E33EC48FCAAF7CC4639A300B6EDA37018CF7A96DBDCAB8B13FEED55D482242D93E98ED5A0B7514451FCA63B32A429CE39C8FAD652C28BD3239CFAF3EB4F4041CEF6FE94E12715614ACCB9777697170AC1182818C95C66AB4378B0CA47961867E6DD8E29A646CF382B4ACE319CED02A9CDB1242DDDE97836200AC7696F9B818C8EFF0087E557E292F6E34A665B77291AE646894B055C13C91D3804FD01AC67BB018287CFE14C6BFBC42DE45D4912B02AE83055C1054E41FF00659867B66AA2E566D1A4231BFBC65C7A84EC39753FF001FE152A5EDC93FBB7033DC28152E82B1C71BDC3DB99A456CA2B2E4360703A13D783DBF5AE8B539618F4DFB5C6B0C716CF25E3F2C0915C3E4AE31C0C81C74E3DF8F3F9FA5CD128B972EC655B34B2408D2E77739247BD5903DF35574E7F36C91D8F24B1FD4D5BDC071C0AEA5B2317B8D39C719A01A92085EE656445DFB509FBDB4671C7383DFB77F51D69F753D95A59C1E6D85D19DD09DC978B8638700843183D42F1B8938201F98109C9226EAF6B906E238C1149BB07A0AAED748BD77D2ADFC03F81FF002147347B8CB0093D68FC2AB9BF889E03FE5FFD7A9BCE88282F22AE4038209EBD3B7BD1CF1EE1663B14B5134F08FF0096A0FD01FF000A1CB00091807A13DE9A92E81624E2B32FAEC09D6156E1473F5ABCAD5937DA64A6E1AE6DC96CF2C84E4FE1FE149B7D0A8D93D46863BC35593D2B3166746D9229561D411835A16F209538EA3B57452B3D0726753E1A29A3787A4BBBD60B1CF0130E410CF8C938C73D33C8FAF6CD723A9DFC3710288091BDB732E3A7739FC4D66C97D73776F6F04F2978ED94AC43681B41FA75FC6A2AF2A30B3B9A58EB345DADA1AB97CBACA6309B3A03939DC3BF1D08C75E6AC3955E4F26B234ABA8134E587CA3F6A3700AC9D8260823AFA91DBB56B2C408CB1C9AEBA72BA339AB312DEE56DEE37EE20B295C038E772D52D767DD0C4D7123C84615000BF2A8CEDE31CF5E87AE699773AABCD0F967CC2EA5640F8DABB4EE5C77CE579EDB7DEB3F5262D1007B60FE95CB526D54B1D74F06A74FDA9767E31F4155F3534E781F4155F354CC610D0703CD5B695422868D8FDCE8D8F4F6AA63AD472C7248C4AC8C3A606F2071426128D8BEF22F68DBFEFAFF00EB54D6ECCE76BE7B919C74E31D2B20C32EE3FBE7C7FD74357EC08491140196766247B8FF00EB55C7725AB2340003BE2A5460BD515FD8E7FA546F8CD59D1F548B4AD76DAE678E49614593722395272A5410411C82735A569BA74DC92BD9114E3CD2498B7034DBA9981B1548373151348CCC171C2EE03EF76CE00C91C0ACC920B08D1F168A1B665312B81BB728E7AE782C7B74EBD8F4FE23F14596AB6090DB5BDDA3870DFBE98BAE366DE849E73CFE27B600C48F5B8A24BA5168B10962963C464F3BC8201E41C0C77247B573E17112AF4F9A4B95FADCDAAD354E564EE7FFD9),
 (100013,0xFFD8FFE000104A46494600010200000100010000FFDB004300080606070605080707070909080A0C140D0C0B0B0C1912130F141D1A1F1E1D1A1C1C20242E2720222C231C1C2837292C30313434341F27393D38323C2E333432FFDB0043010909090C0B0C180D0D1832211C213232323232323232323232323232323232323232323232323232323232323232323232323232323232323232323232323232FFC0001108007E008003012200021101031101FFC4001F0000010501010101010100000000000000000102030405060708090A0BFFC400B5100002010303020403050504040000017D01020300041105122131410613516107227114328191A1082342B1C11552D1F02433627282090A161718191A25262728292A3435363738393A434445464748494A535455565758595A636465666768696A737475767778797A838485868788898A92939495969798999AA2A3A4A5A6A7A8A9AAB2B3B4B5B6B7B8B9BAC2C3C4C5C6C7C8C9CAD2D3D4D5D6D7D8D9DAE1E2E3E4E5E6E7E8E9EAF1F2F3F4F5F6F7F8F9FAFFC4001F0100030101010101010101010000000000000102030405060708090A0BFFC400B51100020102040403040705040400010277000102031104052131061241510761711322328108144291A1B1C109233352F0156272D10A162434E125F11718191A262728292A35363738393A434445464748494A535455565758595A636465666768696A737475767778797A82838485868788898A92939495969798999AA2A3A4A5A6A7A8A9AAB2B3B4B5B6B7B8B9BAC2C3C4C5C6C7C8C9CAD2D3D4D5D6D7D8D9DAE2E3E4E5E6E7E8E9EAF2F3F4F5F6F7F8F9FAFFDA000C03010002110311003F00F9FE8A28A0028A28A002968A9ED6D65BCB8482042F239C2A8A6936EC84DA4AEC87AD0548EC6BD3745F87F6B0C2B73AAC8A73C804903F01D5BF97B574B15AE8768BB21B338EE515501FCABD2A5965492BC9DBF13CAAD9C5183B455FF03C39811CF34D273DEBDBEE34AF0FEA2A565B608CC31B9D01FD4722B8DF10F805ECE3375A711245D7603BB3FEE9FE879F7A9AD9755A6AEB5FCCAC3E6D46ABE57EEFE47034529054E08C1A4AF38F5028A28A0028A28A0028A28A0028A28A00775AF4EF0468F169FA5FF69DD206965FB8A7B8EA07D3B9FC2BCD60432DC4718EACC147E26BD99C848E28500091A0000F5EA7FCFB57AB95D1529B9BE878D9CD770A6A0BAFE83A69E49E42F236E63FA53334CCD19AFA03E5AC3F3535BDD3404A91BE26E1E33D0FFF005EAB668CD0F505A1C6F8F3448ECEE9350B61FB99CF3818E7B1FA9C1CFB8F7AE2FD2BD63C451FDAFC3179113CC4BE62FD0727F97EB5E4D5F33985154EADD75D4FB0CAABBAB43DEDD682514515C07A41451450014514500145145004D14863991C755607F2AF5C8A559A04951B723A8653EA0D78F5773E12D6167B71A7CCD89631FBBC9FBCBE9F51FCBE95EA6595942A38BEA7919BE1DD4A6A71FB3F91D5668CD333466BE82E7CC587E68CD3334668B858CEF11DD7D9742B93B802EBB00F5DDC1FD335E615D278AB5817B722DA17DD0C5D587466FF00EB7F8D739DABE671F5955ABEEECB43EBB2CC3BA343DEDDEA368A28AE13D00A28A2800A28A2800A28A5032401DE800AEB7C07A2E93ACEBD05A6B37F71A747390B6D7316D1FBDCF039E79E991D0E2B9B5458C8254311EBD2B77C1E0EA3E3CD162998B06BB8C7A6003D07A534EC4BD4FA3E3F84DA74712A3EAD78ECA002C550127D7A5733E3AF0E685E08D03FB427BDBC9E792411C16EBB4190F7EDC00326BD54DCBC0CF1DC361E3192C7F897B1AF06F8E506AE35EB0BDBCCFF0066CF0EDB41FDC239653EE7839FF0AE958CC42D398E6780C3B77E547A0695F0EB44D634CB6D46CB56BB92DAE10491B617A1EC7DEA3D73E14E8CBA45C4B75AFDE5A5B448649E601384039CF1D2A97C194D6AC3C2864D414A699732EEB30DD573D5BD95BFFAFDEBB6F1244753F0CEB16DCF942D24F33DCED385A52C5D792B396811C15084B99455D1F206AF6F6B6FA95C2D83CD269FE630B7965C6E741D09C719F6ED9ACDABD04ACB1B2F05187CCA4641FF003EB51C902EC2CBC11DAB9DDBA1D29F72AD145148A0A28A2800A28A2800A9625F9831F5A8D46E602AC814098E90726B77E1FBF97F10B42638C7DAD073EF5872723356743BBFB0788B4DBBCE3C9B98DC9FA30A184763EE0B8B1B7BA7479630C57A57CEDF1EB58FB6F8D2DB4C46CC7A7DB0DC3B6F9393FF008E85FCEBE8B8E74368B3961B366F2DED8EB5F19F897576D7FC51AA6AA4E45CDCBB273FC39C2FE8050347BDFC0ED51355F0249A4DC1DED63334783FDC3F32FF003AEFB5D8A1B1F09EA8235DA8B6B29EBD7E535F3FFC0ED6BFB3BC692583B623BE8781FEDAF23F426BDB3E265F8D3BE1BEB93EEC136CC8BF56E07F3A00F8E61FBA2A76E236FA54510C28FA54929C478F5AA337B949D36F23A54756986462AB11838A92D0945145030A28A2802488724D58A861E9F8D4D4098EEA9F4AAEE0FE353A9C1E7A53645E68123EC4F871AD47E23F00E9D70C43B79222947B81822BE5DF13E8E740F156ABA51185B6B9754E3F809CAFE8457A1FC03F1845A7DFDC787AF6758E3B83E65B976C0DDDD47BF7FCE9BF1EB466B3F185AEAC887C9D42DC2B3E38F3138EBEBB71F9505229FC12D1FF00B43C6AF78CB94B38B838E8CDC7F206BB8FDA135C5B6F0BD9E8A8DFBCBD9C33807F8139FE78A97E05E94BA6F83EE358BA0221752B481DFE5011780727B704D7907C4FF14AF8B3C6F73736F2092CADFF00716EC0E4301D587D4FF214C19C820A6CA7903D29E30AB9350939249A6CCD6AC4AAF28C3D58A825EA2A4B44745145030A28A2802588F51530AAF19C354E28131C69C0EE183D7B53290D021F1CB2DADC47710398E68983A38EAA47435F42EA026F8C5F092DCD82C4DAD5A4C8C51982E187CAE33EE0E7F2AF9E4303C37E75E8BF06FC5BFF0008CF8B4DB5C498B1BE421FD03A8C83F9645304CED7E29F8817C25E06D3BC19A7C9B2E6681526DA7948C0C1FCCF1F9D784A2802B5BC57AFCDE27F145FEB139389A422353FC318E147E558ACE4F1DA8D81EA2C8FBB81D0536928A402D5794FCD539AAEE72C681A1B45145030A28A280141C1CD4EA722ABD58814483192187E5400FCD2526486C5266810B4A92BC4C1918861C83E94CCD3923321C023F1A004C934B4D2369C519A007D14DCD3932E703F5A0063B601A82A5980560013515030A28A2803FFD9);
/*!40000 ALTER TABLE `emp_img` ENABLE KEYS */;


--
-- Definition of table `employee`
--

DROP TABLE IF EXISTS `employee`;
CREATE TABLE `employee` (
  `emp_id` int(10) unsigned NOT NULL DEFAULT '0',
  `name` varchar(60) NOT NULL,
  `address` varchar(60) NOT NULL,
  `comments` varchar(100) NOT NULL DEFAULT '""',
  `Gender` varchar(45) NOT NULL,
  `bDate` datetime NOT NULL,
  `contactNo` varchar(45) NOT NULL,
  `hDate` datetime NOT NULL,
  PRIMARY KEY (`emp_id`)
) ENGINE=InnoDB DEFAULT CHARSET=latin1;

--
-- Dumping data for table `employee`
--

/*!40000 ALTER TABLE `employee` DISABLE KEYS */;
INSERT INTO `employee` (`emp_id`,`name`,`address`,`comments`,`Gender`,`bDate`,`contactNo`,`hDate`) VALUES 
 (0,'No Entry','No Entry','','','0000-00-00 00:00:00',' ','0000-00-00 00:00:00'),
 (100001,'James Couro','Metro Manila, Philippines','gwafo','Male','1990-11-15 00:00:00','09348812564','2021-12-24 00:00:00'),
 (100002,'Philip Morres','Metro Manila Phillippines','Mr. Prexy','Male','1988-05-01 00:00:00','09365422322','2021-12-24 00:00:00'),
 (100003,'Timothy Felix','Metro Manila, Philippines','Good Worker','Female','1900-01-01 00:00:00','09567727827','2021-12-24 00:00:00'),
 (100004,'Jessie Candadez','Metro Manila, Philippines','Nasingpet','Female','1988-05-01 00:00:00','09264883833','2021-12-24 00:00:00'),
 (100005,'Jerry Montalido','Metro Manila, Philippines','Smuggler','Male','1950-12-04 00:00:00','09366272882','2021-12-24 00:00:00'),
 (100006,'Warren David','Metro Manila, Philippines','asd12123\'\'\'\'','Male','1900-01-01 00:00:00','09277277277','2021-12-24 00:00:00'),
 (100007,'Gary Mosisoni','Metro Manila, Philippines','qewqwe','Male','1985-01-25 00:00:00','09546772999','2021-12-24 00:00:00'),
 (100008,'Tedd Wilson','Metro Manila Philippines','TEST','Male','1900-01-01 00:00:00','09168389300','2021-12-24 00:00:00'),
 (100009,'Rey Altomura','Metro Manila Philippines','Good','Male','1900-01-01 00:00:00','09465272787','2021-12-24 00:00:00'),
 (100010,'Nikko Gabito','Metro Manila Philippines','Big HEAD','Male','1900-01-01 00:00:00','09163999393','2021-12-24 00:00:00'),
 (100011,'Fernando Montalban','Metro Manila Philippines','TEST','Male','1900-01-01 00:00:00','09543388333','1990-11-15 00:00:00'),
 (100012,'Renzo Gonzales','Metro Manila Philippines','asd','Male','1900-01-01 00:00:00','09578363666','1990-11-15 00:00:00'),
 (100013,'Marie Faye Fernandez','Metro Manila Philippines','MIC TEST','Male','1999-02-12 00:00:00','09864544442','1990-11-15 00:00:00'),
 (100014,'Julius Tulosko','Metro Manila Philippines','Good','Male','1899-02-12 00:00:00','09322098999','1990-11-15 00:00:00'),
 (100015,'Ferman Canillo','Metro Manila Philippines','kagdhjags','Male','1900-01-01 00:00:00','09567667272','2014-02-03 00:00:00'),
 (100016,'Gerreth Condadez','Metro Manila Philippines','','Male','1990-05-01 00:00:00','09277346237','2014-02-12 00:00:00'),
 (100017,'Aldrin Richard','Metro Manila Philippines','DFGHJ','Male','1900-01-01 00:00:00','09464643663','2014-02-12 00:00:00'),
 (100018,'Eldy Martin','Metro Manila Philippines','good','Male','1900-01-01 00:00:00','09197373773','2014-02-12 00:00:00');
/*!40000 ALTER TABLE `employee` ENABLE KEYS */;


--
-- Definition of table `endec`
--

DROP TABLE IF EXISTS `endec`;
CREATE TABLE `endec` (
  `id` int(11) NOT NULL AUTO_INCREMENT,
  `pass` varchar(50) DEFAULT NULL,
  PRIMARY KEY (`id`)
) ENGINE=InnoDB DEFAULT CHARSET=latin1;

--
-- Dumping data for table `endec`
--

/*!40000 ALTER TABLE `endec` DISABLE KEYS */;
/*!40000 ALTER TABLE `endec` ENABLE KEYS */;


--
-- Definition of table `expenses`
--

DROP TABLE IF EXISTS `expenses`;
CREATE TABLE `expenses` (
  `exp_id` int(10) unsigned NOT NULL AUTO_INCREMENT,
  `loc_id` int(10) unsigned NOT NULL,
  `amount` double NOT NULL,
  `reference` varchar(45) NOT NULL,
  `_date` datetime NOT NULL,
  `remarks` varchar(45) NOT NULL,
  `_status` tinyint(1) NOT NULL,
  `gp_id` int(10) unsigned NOT NULL,
  PRIMARY KEY (`exp_id`),
  KEY `FK_expenses_loc` (`loc_id`),
  CONSTRAINT `FK_expenses_loc` FOREIGN KEY (`loc_id`) REFERENCES `location` (`loc_id`) ON UPDATE CASCADE
) ENGINE=InnoDB AUTO_INCREMENT=54 DEFAULT CHARSET=latin1 DELAY_KEY_WRITE=1;

--
-- Dumping data for table `expenses`
--

/*!40000 ALTER TABLE `expenses` DISABLE KEYS */;
INSERT INTO `expenses` (`exp_id`,`loc_id`,`amount`,`reference`,`_date`,`remarks`,`_status`,`gp_id`) VALUES 
 (13,101,30000,'OR#1234','2013-12-15 00:00:00','FERTILIZER',1,10104),
 (14,101,6000,'OR# 1243','2013-12-15 00:00:00','SEEDS',1,10104),
 (15,101,7000,'OR# 1243','2013-12-15 00:00:00','SACK',1,10104),
 (16,101,20000,'OR# 1243','2013-12-15 00:00:00','FERTILIZER',1,10104),
 (28,101,5000000,'qwdwqe','2013-12-18 00:00:00','qweqweqdqw',0,0),
 (31,104,5000,'TEST','2014-02-10 00:00:00','TEST EXPENSE',1,10105),
 (32,104,10000,'TEST','2014-02-10 00:00:00','TEST FERTILIZER',1,10105),
 (36,105,10000,'TEST1','2014-02-10 00:00:00','TEST1',1,10106),
 (37,105,1000,'TEST2','2014-02-10 00:00:00','TEST',1,10106),
 (38,105,2000,'TESTER','2014-02-10 00:00:00','TEST',1,10106),
 (40,104,10000,'TEST 1','2014-02-11 00:00:00','TEST',0,0),
 (41,105,20000,'TEST 2','2014-02-11 00:00:00','TEST',0,0),
 (43,106,5000,'TEST MIC','2014-02-12 00:00:00','MIC TEST',1,10107),
 (46,107,50000,'OR# 1234','2014-02-12 00:00:00','FERTILIZER',1,10108),
 (47,107,1800,'FOR JULIUS','2014-02-12 00:00:00','MISSED WORKER',1,10108),
 (50,108,10000,'OR#112323','2014-02-12 00:00:00','Fertilizer',1,10109),
 (51,108,5000,'OR#112323','2014-02-12 00:00:00','Pesticides',1,10109),
 (53,103,10,'SNACK','2014-02-12 00:00:00','coke',1,10110);
/*!40000 ALTER TABLE `expenses` ENABLE KEYS */;


--
-- Definition of table `gross_profit`
--

DROP TABLE IF EXISTS `gross_profit`;
CREATE TABLE `gross_profit` (
  `gp_id` int(10) unsigned NOT NULL DEFAULT '0',
  `loc_id` int(10) unsigned NOT NULL,
  `gross_amount` double NOT NULL,
  `maintainer_share` double NOT NULL,
  `activity_share` double NOT NULL,
  `owners_share` double NOT NULL,
  `_date` datetime NOT NULL,
  `remarks` varchar(60) NOT NULL,
  `act_id` int(10) unsigned NOT NULL,
  PRIMARY KEY (`gp_id`),
  KEY `FK_gross_profit_location` (`loc_id`),
  KEY `FK_gross_profit_activity` (`act_id`),
  CONSTRAINT `FK_gross_profit_activity` FOREIGN KEY (`act_id`) REFERENCES `activity` (`act_id`) ON UPDATE CASCADE,
  CONSTRAINT `FK_gross_profit_location` FOREIGN KEY (`loc_id`) REFERENCES `location` (`loc_id`) ON UPDATE CASCADE
) ENGINE=InnoDB DEFAULT CHARSET=latin1;

--
-- Dumping data for table `gross_profit`
--

/*!40000 ALTER TABLE `gross_profit` DISABLE KEYS */;
INSERT INTO `gross_profit` (`gp_id`,`loc_id`,`gross_amount`,`maintainer_share`,`activity_share`,`owners_share`,`_date`,`remarks`,`act_id`) VALUES 
 (10101,101,2000000,500000,500000,1000000,'2013-11-21 00:00:00','80,000 klg * P25.00',11001),
 (10102,102,100000,30500,25000,44500,'2013-11-21 00:00:00','4,000 klg * P25.00',11002),
 (10103,102,30000,9150,9000,11850,'2013-11-22 00:00:00','1,000 klg * P30s',11004),
 (10104,101,100000,9250,9250,18500,'2013-12-18 00:00:00','5,000 klg * P20.00',11005),
 (10105,104,100000,21250,21250,42500,'2014-02-10 00:00:00','TEST ONLY',11006),
 (10106,105,20000,1750,1750,3500,'2014-02-10 00:00:00','TEST',11007),
 (10107,106,500000,148500,133650,212850,'2014-02-12 00:00:00','TEST MIC',11008),
 (10108,107,200000,44460,37050,66690,'2014-02-12 00:00:00','6 pesos per kilo',11009),
 (10109,108,150000,27000,20250,87750,'2014-02-12 00:00:00','8pesos per kilo',11010),
 (10110,103,100000,30000,25000,44990,'2014-02-12 00:00:00','asdasd',11003);
/*!40000 ALTER TABLE `gross_profit` ENABLE KEYS */;


--
-- Definition of table `location`
--

DROP TABLE IF EXISTS `location`;
CREATE TABLE `location` (
  `loc_id` int(10) unsigned NOT NULL DEFAULT '0',
  `address` varchar(60) NOT NULL,
  `emp_id` int(10) unsigned NOT NULL,
  `maintenance_share` double NOT NULL,
  `description` varchar(100) NOT NULL,
  PRIMARY KEY (`loc_id`),
  KEY `FK_location_emp` (`emp_id`),
  CONSTRAINT `FK_location_emp` FOREIGN KEY (`emp_id`) REFERENCES `employee` (`emp_id`) ON UPDATE CASCADE
) ENGINE=InnoDB DEFAULT CHARSET=latin1;

--
-- Dumping data for table `location`
--

/*!40000 ALTER TABLE `location` DISABLE KEYS */;
INSERT INTO `location` (`loc_id`,`address`,`emp_id`,`maintenance_share`,`description`) VALUES 
 (101,'Caloocan',100004,25,'2 ha.'),
 (102,'Makati',100002,30.5,'3.5 ha'),
 (103,'Malabon',100003,30,'3 ha'),
 (104,'Mandaluyong',100011,25,'TEST'),
 (105,'Marikina',100008,25,'TEST 1'),
 (106,'Navotas',100013,30,'MIC TEST'),
 (107,'Pasig',100014,30,'TEST'),
 (108,'Quezon City',100018,20,'45ha');
/*!40000 ALTER TABLE `location` ENABLE KEYS */;


--
-- Definition of table `salary`
--

DROP TABLE IF EXISTS `salary`;
CREATE TABLE `salary` (
  `emp_id` int(10) unsigned NOT NULL,
  `gp_id` int(10) unsigned NOT NULL,
  `amount` double NOT NULL,
  `claim_id` int(10) unsigned NOT NULL,
  `remarks` varchar(45) NOT NULL,
  PRIMARY KEY (`emp_id`,`gp_id`,`remarks`) USING BTREE,
  KEY `FK_salary_gross_profit` (`gp_id`),
  KEY `FK_salary_claim` (`claim_id`),
  CONSTRAINT `FK_salary_claim` FOREIGN KEY (`claim_id`) REFERENCES `claim` (`claim_id`) ON UPDATE CASCADE,
  CONSTRAINT `FK_salary_emp` FOREIGN KEY (`emp_id`) REFERENCES `employee` (`emp_id`) ON UPDATE CASCADE,
  CONSTRAINT `FK_salary_gross_profit` FOREIGN KEY (`gp_id`) REFERENCES `gross_profit` (`gp_id`) ON UPDATE CASCADE
) ENGINE=InnoDB DEFAULT CHARSET=latin1;

--
-- Dumping data for table `salary`
--

/*!40000 ALTER TABLE `salary` DISABLE KEYS */;
INSERT INTO `salary` (`emp_id`,`gp_id`,`amount`,`claim_id`,`remarks`) VALUES 
 (100001,10101,250000,11102,'Activity Share'),
 (100001,10101,500000,11102,'Maintenance Share'),
 (100001,10102,25000,11102,'Activity Share'),
 (100001,10103,3000,0,'Activity Share'),
 (100001,10105,1931.81818181818,0,'Activity Share'),
 (100001,10106,159.090909090909,0,'Activity Share'),
 (100001,10107,10280.7692307692,0,'Activity Share'),
 (100001,10108,5292.85714285714,0,'Activity Share'),
 (100001,10109,10125,0,'Activity Share'),
 (100002,10101,250000,11101,'Activity Share'),
 (100002,10102,30500,11101,'Maintenance Share'),
 (100002,10103,9150,0,'Maintenance Share'),
 (100002,10105,1931.81818181818,0,'Activity Share'),
 (100002,10106,159.090909090909,0,'Activity Share'),
 (100002,10107,10280.7692307692,0,'Activity Share'),
 (100002,10108,5292.85714285714,0,'Activity Share'),
 (100002,10110,12500,0,'Activity Share'),
 (100003,10103,3000,0,'Activity Share'),
 (100003,10105,1931.81818181818,0,'Activity Share'),
 (100003,10106,159.090909090909,0,'Activity Share'),
 (100003,10107,10280.7692307692,0,'Activity Share'),
 (100003,10108,5292.85714285714,0,'Activity Share'),
 (100003,10110,30000,0,'Maintenance Share'),
 (100004,10103,3000,0,'Activity Share'),
 (100004,10104,3083.33333333333,0,'Activity Share'),
 (100004,10104,9250,0,'Maintenance Share'),
 (100004,10105,1931.81818181818,0,'Activity Share'),
 (100004,10106,159.090909090909,0,'Activity Share'),
 (100004,10107,10280.7692307692,0,'Activity Share'),
 (100004,10108,5292.85714285714,0,'Activity Share'),
 (100004,10110,12500,0,'Activity Share'),
 (100005,10104,3083.33333333333,0,'Activity Share'),
 (100005,10105,1931.81818181818,0,'Activity Share'),
 (100005,10106,159.090909090909,0,'Activity Share'),
 (100005,10107,10280.7692307692,0,'Activity Share'),
 (100005,10108,5292.85714285714,0,'Activity Share'),
 (100006,10104,3083.33333333333,0,'Activity Share'),
 (100006,10105,1931.81818181818,0,'Activity Share'),
 (100006,10106,159.090909090909,0,'Activity Share'),
 (100006,10107,10280.7692307692,0,'Activity Share'),
 (100006,10108,5292.85714285714,0,'Activity Share'),
 (100007,10105,1931.81818181818,0,'Activity Share'),
 (100007,10106,159.090909090909,0,'Activity Share'),
 (100007,10107,10280.7692307692,0,'Activity Share'),
 (100008,10105,1931.81818181818,0,'Activity Share'),
 (100008,10106,159.090909090909,0,'Activity Share'),
 (100008,10106,1750,0,'Maintenance Share'),
 (100008,10107,10280.7692307692,0,'Activity Share'),
 (100009,10105,1931.81818181818,0,'Activity Share'),
 (100009,10106,159.090909090909,0,'Activity Share'),
 (100009,10107,10280.7692307692,0,'Activity Share'),
 (100009,10108,5292.85714285714,0,'Activity Share'),
 (100010,10105,1931.81818181818,0,'Activity Share'),
 (100010,10106,159.090909090909,0,'Activity Share'),
 (100010,10107,10280.7692307692,0,'Activity Share'),
 (100011,10105,1931.81818181818,11103,'Activity Share'),
 (100011,10105,21250,11103,'Maintenance Share'),
 (100011,10106,159.090909090909,0,'Activity Share'),
 (100011,10107,10280.7692307692,0,'Activity Share'),
 (100012,10107,10280.7692307692,0,'Activity Share'),
 (100013,10107,10280.7692307692,0,'Activity Share'),
 (100013,10107,148500,0,'Maintenance Share'),
 (100014,10108,44460,0,'Maintenance Share'),
 (100018,10109,10125,0,'Activity Share'),
 (100018,10109,27000,0,'Maintenance Share');
/*!40000 ALTER TABLE `salary` ENABLE KEYS */;




/*!40101 SET SQL_MODE=@OLD_SQL_MODE */;
/*!40014 SET FOREIGN_KEY_CHECKS=@OLD_FOREIGN_KEY_CHECKS */;
/*!40014 SET UNIQUE_CHECKS=@OLD_UNIQUE_CHECKS */;
/*!40101 SET CHARACTER_SET_CLIENT=@OLD_CHARACTER_SET_CLIENT */;
/*!40101 SET CHARACTER_SET_RESULTS=@OLD_CHARACTER_SET_RESULTS */;
/*!40101 SET COLLATION_CONNECTION=@OLD_COLLATION_CONNECTION */;
/*!40101 SET CHARACTER_SET_CLIENT=@OLD_CHARACTER_SET_CLIENT */;
